customer_id,name,age,gender,location
C0001,William Hart,56,Male,"Banjara Hills, Hyderabad, Telangana"
C0002,Nicholas Davis,57,Male,"Chuttugunta, Guntur, Andhra Pradesh"
C0003,Sara Jones,61,Other,"Krishna Lanka, Vijayawada, Andhra Pradesh"
C0004,Brandi Le,29,Male,"Chikkadpally, Hyderabad, Telangana"
C0005,Erin Perez,31,Female,"Abids, Hyderabad, Telangana"
C0006,Christine Holmes,47,Male,"Gokavaram, Rajahmundry, Andhra Pradesh"
C0007,Paul Duncan Jr.,54,Female,"Kondapur, Hyderabad, Telangana"
C0008,Rachel Boyer,52,Male,"Madhuranagar, Vijayawada, Andhra Pradesh"
C0009,Eric Love,65,Female,"Mangalam, Tirupati, Andhra Pradesh"
C0010,Amy Sanders,23,Other,"Chikkadpally, Hyderabad, Telangana"
C0011,Tammy Mitchell,28,Other,"One Town, Vijayawada, Andhra Pradesh"
C0012,Sue Martin,21,Female,"Rajahmundry Urban, Rajahmundry, Andhra Pradesh"
C0013,Erica Henderson,60,Other,"Devi Chowk, Rajahmundry, Andhra Pradesh"
C0014,Richard Marshall,66,Female,"Brodipet, Guntur, Andhra Pradesh"
C0015,Erik Russell,23,Female,"Ramesh Hospital Road, Vijayawada, Andhra Pradesh"
C0016,Deborah Massey,18,Female,"Kothapeta, Guntur, Andhra Pradesh"
C0017,Timothy Baker,27,Male,"Poranki, Vijayawada, Andhra Pradesh"
C0018,Emily Williams,31,Male,"Nallapadu, Guntur, Andhra Pradesh"
C0019,Angela Newman,20,Female,"Ameerpet, Hyderabad, Telangana"
C0020,Victoria Rocha,66,Other,"Moosapet, Hyderabad, Telangana"
C0021,Alexis Jones,25,Female,"Srinivasarao Colony, Guntur, Andhra Pradesh"
C0022,Raven Flores,50,Female,"Arundelpet, Guntur, Andhra Pradesh"
C0023,Rachael Juarez,25,Male,"Kotagummam, Rajahmundry, Andhra Pradesh"
C0024,Sarah Hernandez,55,Male,"Ameerpet, Hyderabad, Telangana"
C0025,James Phillips,26,Female,"Chikkadpally, Hyderabad, Telangana"
C0026,Michael Gonzalez,25,Male,"Srinivasarao Colony, Guntur, Andhra Pradesh"
C0027,Brian Jimenez,47,Male,"Railpet, Guntur, Andhra Pradesh"
C0028,Randy Lopez,55,Female,"Gollapudi, Vijayawada, Andhra Pradesh"
C0029,Kevin Wilson,25,Male,"Jubilee Hills, Hyderabad, Telangana"
C0030,Jack Ellis,51,Other,"Ponnur Road, Guntur, Andhra Pradesh"
C0031,Kevin Jackson,65,Male,"Ramavarappadu, Vijayawada, Andhra Pradesh"
C0032,Cheryl Thornton,38,Male,"Nidadavolu, Rajahmundry, Andhra Pradesh"
C0033,Elizabeth Winters,22,Male,"Diwancheruvu, Rajahmundry, Andhra Pradesh"
C0034,Traci Christian,58,Other,"Bhavanipuram, Vijayawada, Andhra Pradesh"
C0035,Laura Johnson,54,Female,"Shyamala Nagar, Guntur, Andhra Pradesh"
C0036,Lisa Miller,19,Other,"Ponnur Road, Guntur, Andhra Pradesh"
C0037,Sheila Harris,66,Male,"Venkatadri Colony, Tirupati, Andhra Pradesh"
C0038,Alicia Castillo,36,Female,"Renigunta, Tirupati, Andhra Pradesh"
C0039,Brady Church,57,Male,"Eluru Road, Vijayawada, Andhra Pradesh"
C0040,Erica Lucas,55,Male,"Nidadavolu, Rajahmundry, Andhra Pradesh"
C0041,Thomas Preston,69,Other,"Renigunta, Tirupati, Andhra Pradesh"
C0042,Ms. Brittany Wright,20,Male,"Arundelpet, Guntur, Andhra Pradesh"
C0043,Amy Nunez,38,Other,"Gunadala, Vijayawada, Andhra Pradesh"
C0044,Summer Clark,48,Other,"Namburu, Guntur, Andhra Pradesh"
C0045,Rita Petty,26,Other,"Ponnur Road, Guntur, Andhra Pradesh"
C0046,Crystal Evans,58,Other,"Krishna Nagar, Vijayawada, Andhra Pradesh"
C0047,Mary Smith,38,Male,"Shyamala Nagar, Guntur, Andhra Pradesh"
C0048,Christopher Alexander,69,Female,"Dowleswaram, Rajahmundry, Andhra Pradesh"
C0049,Laura Gordon,44,Other,"Darbhagudem, Rajahmundry, Andhra Pradesh"
C0050,Amanda Sandoval,31,Other,"Etukuru Road, Guntur, Andhra Pradesh"
C0051,Lori Carson,62,Male,"One Town, Vijayawada, Andhra Pradesh"
C0052,Stephen Ho,57,Male,"Kamepalli, Tirupati, Andhra Pradesh"
C0053,Peter Patterson,66,Female,"Srinivasa Nagar, Tirupati, Andhra Pradesh"
C0054,Amanda Bean,27,Female,"R.C. Road, Tirupati, Andhra Pradesh"
C0055,Patricia Sullivan MD,21,Male,"Chuttugunta, Guntur, Andhra Pradesh"
C0056,Lori Bailey,34,Male,"Gannavaram, Vijayawada, Andhra Pradesh"
C0057,Cheryl Chavez,27,Other,"Kesanakurru, Rajahmundry, Andhra Pradesh"
C0058,Ryan White,55,Female,"Miyapur, Hyderabad, Telangana"
C0059,Patrick Weiss,24,Other,"Ajit Singh Nagar, Vijayawada, Andhra Pradesh"
C0060,Amber Kelley,20,Female,"Thadithota, Rajahmundry, Andhra Pradesh"
C0061,George Logan,52,Female,"Ameerpet, Hyderabad, Telangana"
C0062,James Hill,42,Female,"Thadithota, Rajahmundry, Andhra Pradesh"
C0063,Trevor Ford,28,Female,"Pushkar Ghat, Rajahmundry, Andhra Pradesh"
C0064,Michael Gentry,43,Other,"Sangadi Gunta, Guntur, Andhra Pradesh"
C0065,David White,24,Female,"Miyapur, Hyderabad, Telangana"
C0066,Karen Bradshaw,25,Other,"Kamepalli, Tirupati, Andhra Pradesh"
C0067,Mr. Christopher Palmer DDS,36,Female,"Nallapadu, Guntur, Andhra Pradesh"
C0068,Katie Jones,62,Female,"Guntur One Town, Guntur, Andhra Pradesh"
C0069,Deborah Archer,66,Male,"Eluru Road, Vijayawada, Andhra Pradesh"
C0070,Kelly Myers,62,Female,"Nagole, Hyderabad, Telangana"
C0071,Mary Hansen,22,Female,"Venkatadri Colony, Tirupati, Andhra Pradesh"
C0072,Ruth Morrow,66,Other,"Kothur, Tirupati, Andhra Pradesh"
C0073,Peter Myers,47,Female,"Lakshmipuram, Guntur, Andhra Pradesh"
C0074,Joan Jackson,61,Male,"Tiruchanur, Tirupati, Andhra Pradesh"
C0075,John Bates,24,Female,"Bhavanipuram, Vijayawada, Andhra Pradesh"
C0076,Cassandra Bennett,55,Other,"One Town, Vijayawada, Andhra Pradesh"
C0077,Melissa Brown,24,Female,"Alipiri, Tirupati, Andhra Pradesh"
C0078,Andrew Ayers,31,Male,"Tata Nagar, Tirupati, Andhra Pradesh"
C0079,Stephanie Baker,55,Female,"Dwarapudi, Rajahmundry, Andhra Pradesh"
C0080,Timothy West,40,Male,"Moosapet, Hyderabad, Telangana"
C0081,Dawn Hamilton,53,Male,"Chuttugunta, Guntur, Andhra Pradesh"
C0082,Michael Price,49,Female,"Jubilee Hills, Hyderabad, Telangana"
C0083,William Martinez,64,Female,"Chandragiri, Tirupati, Andhra Pradesh"
C0084,Melissa Pierce,45,Other,"Himayatnagar, Hyderabad, Telangana"
C0085,Anthony Murray,66,Male,"Chikkadpally, Hyderabad, Telangana"
C0086,Zachary Tucker,25,Female,"Krishna Lanka, Vijayawada, Andhra Pradesh"
C0087,Amanda Carter,55,Other,"Kotagummam, Rajahmundry, Andhra Pradesh"
C0088,Kelly Wong,46,Male,"Kanuru, Vijayawada, Andhra Pradesh"
C0089,Joseph Potter,46,Female,"Mangalam, Tirupati, Andhra Pradesh"
C0090,Nancy Morales,40,Male,"Rajahmundry Rural, Rajahmundry, Andhra Pradesh"
C0091,Olivia Hines,50,Female,"Tiruchanur, Tirupati, Andhra Pradesh"
C0092,Robert Benson,47,Male,"Namburu, Guntur, Andhra Pradesh"
C0093,Kevin Moore,19,Male,"Srinivasarao Thota, Guntur, Andhra Pradesh"
C0094,Russell Gregory,63,Male,"Tataiahgunta, Tirupati, Andhra Pradesh"
C0095,Nicole Watts,39,Other,"Jubilee Hills, Hyderabad, Telangana"
C0096,Austin Woods,69,Female,"Gollapudi, Vijayawada, Andhra Pradesh"
C0097,Jeremy Myers,54,Female,"Brodipet, Guntur, Andhra Pradesh"
C0098,Melissa Lewis,23,Male,"Karakambadi, Tirupati, Andhra Pradesh"
C0099,Nathan Washington,34,Other,"Krishna Nagar, Vijayawada, Andhra Pradesh"
C0100,David Brown,47,Other,"Benz Circle, Vijayawada, Andhra Pradesh"
C0101,Robert Singleton,67,Male,"Gachibowli, Hyderabad, Telangana"
C0102,Janet Smith,30,Female,"Gollapudi, Vijayawada, Andhra Pradesh"
C0103,Dylan Moyer,22,Male,"KPHB, Hyderabad, Telangana"
C0104,Rita Sims,67,Female,"Malakpet, Hyderabad, Telangana"
C0105,Gregory Turner,52,Female,"Kanuru, Vijayawada, Andhra Pradesh"
C0106,Jennifer Moore,65,Male,"Rajahmundry Rural, Rajahmundry, Andhra Pradesh"
C0107,Brian Cervantes,25,Female,"Naidupeta Road, Tirupati, Andhra Pradesh"
C0108,Melissa Jordan DDS,70,Other,"Tirupati West, Tirupati, Andhra Pradesh"
C0109,Jessica Martin,55,Male,"Rajahmundry Urban, Rajahmundry, Andhra Pradesh"
C0110,Sandra Smith,31,Female,"Rajahmundry Center, Rajahmundry, Andhra Pradesh"
C0111,Tracy Moore,29,Other,"Ramavarappadu, Vijayawada, Andhra Pradesh"
C0112,Julie Williams,56,Female,"SR Nagar, Hyderabad, Telangana"
C0113,Michelle Bennett,55,Male,"Guntur One Town, Guntur, Andhra Pradesh"
C0114,Joanne Yu,20,Other,"Morampudi, Rajahmundry, Andhra Pradesh"
C0115,Monique Torres,53,Male,"Miyapur, Hyderabad, Telangana"
C0116,Robert Gonzales,70,Male,"Ameerpet, Hyderabad, Telangana"
C0117,Craig Taylor,62,Female,"Nallapadu, Guntur, Andhra Pradesh"
C0118,Matthew Martinez,38,Male,"Poranki, Vijayawada, Andhra Pradesh"
C0119,Tracy Rivera,62,Female,"One Town, Vijayawada, Andhra Pradesh"
C0120,Jerry Monroe,32,Male,"Darbhagudem, Rajahmundry, Andhra Pradesh"
C0121,Aaron Mullins,22,Male,"Korukonda, Rajahmundry, Andhra Pradesh"
C0122,Jesse Lane,28,Other,"Srinivasarao Thota, Guntur, Andhra Pradesh"
C0123,Mr. Jacob Rodriguez Jr.,63,Other,"Gollapudi, Vijayawada, Andhra Pradesh"
C0124,Jeffery Weber,31,Female,"Kotagummam, Rajahmundry, Andhra Pradesh"
C0125,Regina Cole,57,Other,"Gachibowli, Hyderabad, Telangana"
C0126,Jeffrey Mueller,43,Male,"Alipiri, Tirupati, Andhra Pradesh"
C0127,Tina Brown,59,Female,"Jubilee Hills, Hyderabad, Telangana"
C0128,Tammy House,49,Male,"Ramesh Hospital Road, Vijayawada, Andhra Pradesh"
C0129,Jordan May,35,Other,"Rajamahendravaram, Rajahmundry, Andhra Pradesh"
C0130,Sara Stout,67,Male,"Singh Nagar, Vijayawada, Andhra Pradesh"
C0131,Brent Flowers,42,Female,"Mehdipatnam, Hyderabad, Telangana"
C0132,Christine Powell,29,Male,"Dwarapudi, Rajahmundry, Andhra Pradesh"
C0133,Ashley Joyce,28,Male,"Nidadavolu, Rajahmundry, Andhra Pradesh"
C0134,Joan Woods,42,Other,"Kadiyam, Rajahmundry, Andhra Pradesh"
C0135,Destiny Glenn,45,Male,"Kotagummam, Rajahmundry, Andhra Pradesh"
C0136,Brenda Mcdonald,64,Male,"Darbhagudem, Rajahmundry, Andhra Pradesh"
C0137,Alejandro Nelson,61,Female,"Nidamanuru, Vijayawada, Andhra Pradesh"
C0138,Terry Hayes,22,Female,"Gunadala, Vijayawada, Andhra Pradesh"
C0139,Felicia Gonzalez,57,Other,"Karakambadi, Tirupati, Andhra Pradesh"
C0140,Christopher Smith,49,Other,"KPHB, Hyderabad, Telangana"
C0141,Gina Lee,18,Other,"Gachibowli, Hyderabad, Telangana"
C0142,Jennifer White,57,Female,"Bairagi Patteda, Tirupati, Andhra Pradesh"
C0143,Brenda Castillo,20,Male,"Kapilatheertham, Tirupati, Andhra Pradesh"
C0144,Jerry Conrad,46,Other,"Gunadala, Vijayawada, Andhra Pradesh"
C0145,Donald Floyd,34,Male,"Chandragiri, Tirupati, Andhra Pradesh"
C0146,Allison Higgins,38,Other,"Gollapudi, Vijayawada, Andhra Pradesh"
C0147,Julie Powell,33,Other,"Chandragiri, Tirupati, Andhra Pradesh"
C0148,Diana Pitts,63,Male,"Singh Nagar, Vijayawada, Andhra Pradesh"
C0149,Dawn Thomas,33,Female,"Abids, Hyderabad, Telangana"
C0150,Donald Shaw,59,Male,"Krishna Nagar, Vijayawada, Andhra Pradesh"
C0151,Cassie Taylor,23,Female,"Balaji Nagar, Tirupati, Andhra Pradesh"
C0152,Joe Turner,35,Female,"Chandragiri, Tirupati, Andhra Pradesh"
C0153,Brittany Garcia,70,Female,"Devi Chowk, Rajahmundry, Andhra Pradesh"
C0154,Katherine Williams,22,Other,"Kapilatheertham, Tirupati, Andhra Pradesh"
C0155,Melissa Kelly DDS,36,Other,"Kothapeta, Guntur, Andhra Pradesh"
C0156,Stacey Santana,70,Female,"Vidhyadharapuram, Vijayawada, Andhra Pradesh"
C0157,Dwayne Morgan,43,Other,"Kanuru, Vijayawada, Andhra Pradesh"
C0158,Angelica Martinez,29,Other,"Darbhagudem, Rajahmundry, Andhra Pradesh"
C0159,Brandon Estrada,42,Male,"Srinivasarao Thota, Guntur, Andhra Pradesh"
C0160,Alexandra Jordan,25,Other,"Ponnur Road, Guntur, Andhra Pradesh"
C0161,Donna Gibson,37,Male,"Begumpet, Hyderabad, Telangana"
C0162,Amanda Lang,35,Other,"Tirupati West, Tirupati, Andhra Pradesh"
C0163,Dylan Lee,60,Other,"Kondapur, Hyderabad, Telangana"
C0164,Elizabeth Hamilton,56,Male,"Tiruchanur, Tirupati, Andhra Pradesh"
C0165,Gregory Scott,62,Female,"Kamepalli, Tirupati, Andhra Pradesh"
C0166,Jacob Cooper,54,Female,"Bhavanipuram, Vijayawada, Andhra Pradesh"
C0167,Karen Walker,49,Female,"Jubilee Hills, Hyderabad, Telangana"
C0168,Carolyn Greene,22,Female,"Reddy Palem, Guntur, Andhra Pradesh"
C0169,Miranda Chavez,46,Other,"Eluru Road, Vijayawada, Andhra Pradesh"
C0170,Savannah Mcdonald,18,Other,"Railway Colony, Tirupati, Andhra Pradesh"
C0171,Nicholas Mann,59,Male,"Kapilatheertham, Tirupati, Andhra Pradesh"
C0172,Jessica Knox,50,Other,"Chikkadpally, Hyderabad, Telangana"
C0173,Rachel Moran,33,Male,"Nallapadu, Guntur, Andhra Pradesh"
C0174,Deanna Archer,53,Other,"Kanuru, Vijayawada, Andhra Pradesh"
C0175,Brenda Carey,22,Male,"Miyapur, Hyderabad, Telangana"
C0176,Patricia Porter,60,Female,"Naidupeta Road, Tirupati, Andhra Pradesh"
C0177,Matthew Howell,31,Female,"Reddy Palem, Guntur, Andhra Pradesh"
C0178,David Graham,37,Male,"Tiruchanur, Tirupati, Andhra Pradesh"
C0179,Christina Bentley,67,Male,"Shyamala Nagar, Guntur, Andhra Pradesh"
C0180,Mr. Spencer Burgess,24,Female,"Lakshmipuram, Guntur, Andhra Pradesh"
C0181,Brittany Miller,64,Female,"Nidadavolu, Rajahmundry, Andhra Pradesh"
C0182,Veronica Walker,61,Female,"Kondapur, Hyderabad, Telangana"
C0183,Julia Scott,35,Male,"Nidadavolu, Rajahmundry, Andhra Pradesh"
C0184,Alan Ward,33,Male,"Banjara Hills, Hyderabad, Telangana"
C0185,Phyllis Wade,47,Female,"Etukuru Road, Guntur, Andhra Pradesh"
C0186,Deborah Carlson,58,Female,"Nallacheruvu, Guntur, Andhra Pradesh"
C0187,Evan Hensley,33,Other,"Kotagummam, Rajahmundry, Andhra Pradesh"
C0188,Kimberly Lamb,24,Female,"Kotagummam, Rajahmundry, Andhra Pradesh"
C0189,Michael Perez,50,Male,"Miyapur, Hyderabad, Telangana"
C0190,Ryan Young,65,Female,"Koti, Hyderabad, Telangana"
C0191,Ricky Mclaughlin,60,Male,"Balaji Nagar, Tirupati, Andhra Pradesh"
C0192,Jacqueline Henry,50,Female,"Railpet, Guntur, Andhra Pradesh"
C0193,Norma Kidd,47,Other,"Naidupeta Road, Tirupati, Andhra Pradesh"
C0194,Christina Cross,37,Female,"Darbhagudem, Rajahmundry, Andhra Pradesh"
C0195,Maurice Jones,48,Female,"Dilsukhnagar, Hyderabad, Telangana"
C0196,Juan Stewart,45,Female,"Arundelpet, Guntur, Andhra Pradesh"
C0197,Jamie Miller,61,Male,"Shyamala Nagar, Guntur, Andhra Pradesh"
C0198,Duane Grant,65,Female,"Ramavarappadu, Vijayawada, Andhra Pradesh"
C0199,Adam Mcdowell,69,Other,"Sangadi Gunta, Guntur, Andhra Pradesh"
C0200,Thomas Green,39,Female,"Thadithota, Rajahmundry, Andhra Pradesh"
C0201,Robert Ortiz,66,Male,"Madhuranagar, Vijayawada, Andhra Pradesh"
C0202,John Jones,28,Female,"Ajit Singh Nagar, Vijayawada, Andhra Pradesh"
C0203,William Heath,69,Other,"Dwarapudi, Rajahmundry, Andhra Pradesh"
C0204,Ian Summers,48,Male,"Vidhyadharapuram, Vijayawada, Andhra Pradesh"
C0205,Anna Benitez,52,Female,"Rajahmundry Urban, Rajahmundry, Andhra Pradesh"
C0206,Alexander Velez,22,Other,"Nallacheruvu, Guntur, Andhra Pradesh"
C0207,Melissa Beck,36,Other,"Ameerpet, Hyderabad, Telangana"
C0208,Abigail Davis,59,Female,"Himayatnagar, Hyderabad, Telangana"
C0209,Jesse Anderson,18,Male,"Poranki, Vijayawada, Andhra Pradesh"
C0210,Matthew Cook,45,Male,"Diwancheruvu, Rajahmundry, Andhra Pradesh"
C0211,Dennis Burke,24,Female,"Chuttugunta, Guntur, Andhra Pradesh"
C0212,Roberto Moreno,22,Male,"Benz Circle, Vijayawada, Andhra Pradesh"
C0213,Jessica Holmes,47,Female,"Singh Nagar, Vijayawada, Andhra Pradesh"
C0214,William Stevens,60,Other,"Kothapeta, Guntur, Andhra Pradesh"
C0215,David Lane,47,Other,"Nagole, Hyderabad, Telangana"
C0216,Rhonda Dougherty,63,Male,"Lakshmipuram, Guntur, Andhra Pradesh"
C0217,Erika Taylor,54,Male,"Kotagummam, Rajahmundry, Andhra Pradesh"
C0218,Amy Miller,35,Female,"Brodipet, Guntur, Andhra Pradesh"
C0219,Jason Gentry,66,Other,"Nagole, Hyderabad, Telangana"
C0220,Brooke Frank,68,Other,"Krishna Nagar, Vijayawada, Andhra Pradesh"
C0221,Jennifer Wells,53,Female,"Arundelpet, Guntur, Andhra Pradesh"
C0222,Sarah Lopez,66,Other,"Saidabad, Hyderabad, Telangana"
C0223,James Mann,46,Male,"Diwancheruvu, Rajahmundry, Andhra Pradesh"
C0224,Amy Benjamin,67,Other,"Guntur One Town, Guntur, Andhra Pradesh"
C0225,Mark Baker,67,Female,"Kapilatheertham, Tirupati, Andhra Pradesh"
C0226,Megan Aguilar,59,Male,"Ameerpet, Hyderabad, Telangana"
C0227,William Santiago,19,Other,"Tiruchanur, Tirupati, Andhra Pradesh"
C0228,Mikayla Johnson,28,Male,"Arundelpet, Guntur, Andhra Pradesh"
C0229,Tammy Jarvis,52,Other,"Dwarapudi, Rajahmundry, Andhra Pradesh"
C0230,James Davis,32,Other,"Karakambadi, Tirupati, Andhra Pradesh"
C0231,Elaine Ross,57,Male,"Bhavanipuram, Vijayawada, Andhra Pradesh"
C0232,April Thompson,22,Female,"Kesanakurru, Rajahmundry, Andhra Pradesh"
C0233,Jamie Williams,41,Male,"Srinivasarao Colony, Guntur, Andhra Pradesh"
C0234,Joseph Paul,21,Male,"Nallapadu, Guntur, Andhra Pradesh"
C0235,Lori Barnes,47,Other,"Lakshmipuram, Guntur, Andhra Pradesh"
C0236,Margaret Chapman,41,Female,"Guntur One Town, Guntur, Andhra Pradesh"
C0237,Matthew Skinner,56,Female,"Namburu, Guntur, Andhra Pradesh"
C0238,Donald Hernandez,64,Female,"Sangadi Gunta, Guntur, Andhra Pradesh"
C0239,Cheryl Oconnor,32,Other,"Poranki, Vijayawada, Andhra Pradesh"
C0240,Kayla Tucker,49,Female,"Dowleswaram, Rajahmundry, Andhra Pradesh"
C0241,Kristopher Wells,49,Other,"Currency Nagar, Vijayawada, Andhra Pradesh"
C0242,Mr. Christopher Williams III,66,Other,"Railway Colony, Tirupati, Andhra Pradesh"
C0243,Christina Osborn,51,Female,"Kotagummam, Rajahmundry, Andhra Pradesh"
C0244,Jeffrey Mays,18,Female,"Dilsukhnagar, Hyderabad, Telangana"
C0245,Nicole Melton,23,Male,"Shyamala Nagar, Guntur, Andhra Pradesh"
C0246,Nicole Hanson,31,Male,"Devi Chowk, Rajahmundry, Andhra Pradesh"
C0247,Kevin Henson,31,Female,"Tata Nagar, Tirupati, Andhra Pradesh"
C0248,Jay Taylor,57,Male,"Morampudi, Rajahmundry, Andhra Pradesh"
C0249,Jesus Ward,35,Male,"Rajahmundry Rural, Rajahmundry, Andhra Pradesh"
C0250,Debra Sampson,44,Male,"Bairagi Patteda, Tirupati, Andhra Pradesh"
C0251,Nicholas Velasquez,24,Male,"Gollapudi, Vijayawada, Andhra Pradesh"
C0252,Alicia Ward,38,Male,"Lakshmipuram, Guntur, Andhra Pradesh"
C0253,Shelby Hudson,23,Female,"Tata Nagar, Tirupati, Andhra Pradesh"
C0254,Brandon Brown,31,Female,"Jubilee Hills, Hyderabad, Telangana"
C0255,Alexandra Barnes,31,Female,"Chuttugunta, Guntur, Andhra Pradesh"
C0256,Julie Cook,58,Male,"Krishna Lanka, Vijayawada, Andhra Pradesh"
C0257,Justin Brown,34,Other,"Gachibowli, Hyderabad, Telangana"
C0258,Amanda Flores,61,Male,"Auto Nagar, Vijayawada, Andhra Pradesh"
C0259,Darlene Bond,40,Male,"Chandragiri, Tirupati, Andhra Pradesh"
C0260,Andrew Pierce,27,Male,"Rajahmundry Center, Rajahmundry, Andhra Pradesh"
C0261,Steven Miller,69,Female,"Tiruchanur, Tirupati, Andhra Pradesh"
C0262,Erika Morales,57,Female,"Rajamahendravaram, Rajahmundry, Andhra Pradesh"
C0263,Christopher Rios,20,Female,"Rajahmundry Urban, Rajahmundry, Andhra Pradesh"
C0264,Jillian Stein,40,Other,"Benz Circle, Vijayawada, Andhra Pradesh"
C0265,Trevor Garza,68,Male,"SR Nagar, Hyderabad, Telangana"
C0266,William Smith,47,Other,"Ajit Singh Nagar, Vijayawada, Andhra Pradesh"
C0267,Donald Long,60,Other,"Tataiahgunta, Tirupati, Andhra Pradesh"
C0268,William Hubbard,21,Female,"Chikkadpally, Hyderabad, Telangana"
C0269,John Contreras,22,Female,"Ramavarappadu, Vijayawada, Andhra Pradesh"
C0270,Michael Keller,55,Other,"Darbhagudem, Rajahmundry, Andhra Pradesh"
C0271,Adam Moran,26,Male,"Pushkar Ghat, Rajahmundry, Andhra Pradesh"
C0272,Aaron Wong,33,Female,"Mangalam, Tirupati, Andhra Pradesh"
C0273,Lindsey Meyer,28,Female,"Srinivasarao Thota, Guntur, Andhra Pradesh"
C0274,John Craig,35,Other,"Kapilatheertham, Tirupati, Andhra Pradesh"
C0275,Rick Patel,28,Male,"Kotagummam, Rajahmundry, Andhra Pradesh"
C0276,Cory Phillips,56,Male,"Korukonda, Rajahmundry, Andhra Pradesh"
C0277,Deborah Brown,59,Male,"Morampudi, Rajahmundry, Andhra Pradesh"
C0278,Traci Williams,28,Other,"Chuttugunta, Guntur, Andhra Pradesh"
C0279,William Hall,38,Female,"Lakshmipuram, Guntur, Andhra Pradesh"
C0280,Michelle Petty,42,Male,"Rajahmundry Urban, Rajahmundry, Andhra Pradesh"
C0281,Ian Juarez,33,Female,"Srinivasarao Thota, Guntur, Andhra Pradesh"
C0282,Susan Brown,51,Male,"Dilsukhnagar, Hyderabad, Telangana"
C0283,Joseph Frederick,41,Female,"Kanuru, Vijayawada, Andhra Pradesh"
C0284,Shelia Marks,39,Female,"Chandramouli Nagar, Guntur, Andhra Pradesh"
C0285,Amber Taylor,54,Male,"Chandragiri, Tirupati, Andhra Pradesh"
C0286,Dr. John Campbell,18,Female,"Krishna Lanka, Vijayawada, Andhra Pradesh"
C0287,Sarah Marshall,64,Other,"Singh Nagar, Vijayawada, Andhra Pradesh"
C0288,David Shah,35,Other,"Poranki, Vijayawada, Andhra Pradesh"
C0289,Lori Davis,59,Male,"SR Nagar, Hyderabad, Telangana"
C0290,Tammy Lee,53,Other,"Vemagiri, Rajahmundry, Andhra Pradesh"
C0291,Shawn Young,52,Female,"Tataiahgunta, Tirupati, Andhra Pradesh"
C0292,Stephen Ball,41,Male,"Gokavaram, Rajahmundry, Andhra Pradesh"
C0293,Brent Good,69,Other,"Ramesh Hospital Road, Vijayawada, Andhra Pradesh"
C0294,Mark Terry,38,Other,"Devi Chowk, Rajahmundry, Andhra Pradesh"
C0295,Jesus Hines,30,Other,"Abids, Hyderabad, Telangana"
C0296,Lindsay Rush,18,Other,"Rajamahendravaram, Rajahmundry, Andhra Pradesh"
C0297,Dennis Vance,55,Male,"Moosapet, Hyderabad, Telangana"
C0298,Donald Hunt,47,Female,"Namburu, Guntur, Andhra Pradesh"
C0299,Matthew Lee,36,Female,"Kotagummam, Rajahmundry, Andhra Pradesh"
C0300,Jamie White,49,Other,"Mangalam, Tirupati, Andhra Pradesh"
C0301,Kristine Smith,38,Male,"Auto Nagar, Vijayawada, Andhra Pradesh"
C0302,Christina Tran,58,Male,"Kanuru, Vijayawada, Andhra Pradesh"
C0303,Richard Johnson,63,Female,"Rajamahendravaram, Rajahmundry, Andhra Pradesh"
C0304,John Hodge,47,Female,"Ameerpet, Hyderabad, Telangana"
C0305,Amanda Cardenas,19,Other,"Namburu, Guntur, Andhra Pradesh"
C0306,Steven Salazar,24,Male,"Eluru Road, Vijayawada, Andhra Pradesh"
C0307,Hunter Martinez,21,Other,"Currency Nagar, Vijayawada, Andhra Pradesh"
C0308,James Romero,55,Other,"Alipiri, Tirupati, Andhra Pradesh"
C0309,April Gross,26,Male,"Devi Chowk, Rajahmundry, Andhra Pradesh"
C0310,Jason Rivera,39,Other,"Alipiri, Tirupati, Andhra Pradesh"
C0311,Christina Hall,53,Female,"SR Nagar, Hyderabad, Telangana"
C0312,Melissa Li,51,Female,"Eluru Road, Vijayawada, Andhra Pradesh"
C0313,Victoria Allen,51,Other,"Gunadala, Vijayawada, Andhra Pradesh"
C0314,Robert Jones,24,Female,"Namburu, Guntur, Andhra Pradesh"
C0315,Miss Nichole Haynes,35,Other,"Shyamala Nagar, Guntur, Andhra Pradesh"
C0316,Kyle Marquez,50,Male,"Vemagiri, Rajahmundry, Andhra Pradesh"
C0317,Joseph Schwartz,29,Other,"Namburu, Guntur, Andhra Pradesh"
C0318,Jennifer Glass,56,Other,"Guntur One Town, Guntur, Andhra Pradesh"
C0319,Chad Zimmerman,25,Other,"Ponnur Road, Guntur, Andhra Pradesh"
C0320,Taylor Lopez,40,Other,"Dwarapudi, Rajahmundry, Andhra Pradesh"
C0321,Hector Moss,65,Female,"Balaji Nagar, Tirupati, Andhra Pradesh"
C0322,Angela Spencer,26,Female,"Chuttugunta, Guntur, Andhra Pradesh"
C0323,Danielle Morales,31,Male,"Gachibowli, Hyderabad, Telangana"
C0324,Bobby Smith,55,Other,"Jubilee Hills, Hyderabad, Telangana"
C0325,Dean Bates,58,Female,"Benz Circle, Vijayawada, Andhra Pradesh"
C0326,Michael Alexander,37,Other,"Naidupeta Road, Tirupati, Andhra Pradesh"
C0327,Heather Thompson,27,Other,"Krishna Lanka, Vijayawada, Andhra Pradesh"
C0328,Ralph Williams,25,Female,"Chinthalapalem, Rajahmundry, Andhra Pradesh"
C0329,Ryan Miller,27,Other,"Tiruchanur, Tirupati, Andhra Pradesh"
C0330,John Becker,44,Male,"Nidadavolu, Rajahmundry, Andhra Pradesh"
C0331,Abigail Jones,56,Male,"Nallacheruvu, Guntur, Andhra Pradesh"
C0332,Joshua Johnson,33,Other,"Mangalam, Tirupati, Andhra Pradesh"
C0333,Laurie Butler,48,Male,"Mehdipatnam, Hyderabad, Telangana"
C0334,Lisa Simmons,31,Female,"Nallapadu, Guntur, Andhra Pradesh"
C0335,Sarah Reyes PhD,66,Female,"Alipiri, Tirupati, Andhra Pradesh"
C0336,William Wells,62,Female,"Railpet, Guntur, Andhra Pradesh"
C0337,Dawn Smith,46,Male,"Dowleswaram, Rajahmundry, Andhra Pradesh"
C0338,William West,53,Female,"Gollapudi, Vijayawada, Andhra Pradesh"
C0339,Carlos Adkins,48,Other,"Renigunta, Tirupati, Andhra Pradesh"
C0340,Thomas Dominguez,26,Other,"Dilsukhnagar, Hyderabad, Telangana"
C0341,Devin Phillips,48,Other,"Kothur, Tirupati, Andhra Pradesh"
C0342,Katie Hanna,43,Other,"Balaji Nagar, Tirupati, Andhra Pradesh"
C0343,Kelli Macdonald,66,Male,"Sangadi Gunta, Guntur, Andhra Pradesh"
C0344,Angela Gomez,43,Female,"Diwancheruvu, Rajahmundry, Andhra Pradesh"
C0345,Lynn Hogan,46,Male,"Malakpet, Hyderabad, Telangana"
C0346,Andrea Garza,25,Female,"Brodipet, Guntur, Andhra Pradesh"
C0347,Dr. Sarah Noble,65,Other,"Rajamahendravaram, Rajahmundry, Andhra Pradesh"
C0348,Kimberly Cantrell,46,Male,"SR Nagar, Hyderabad, Telangana"
C0349,Richard French,26,Female,"Srinivasarao Thota, Guntur, Andhra Pradesh"
C0350,Jessica Ramirez,62,Male,"Ramesh Hospital Road, Vijayawada, Andhra Pradesh"
C0351,Eric Oneal,66,Other,"Gannavaram, Vijayawada, Andhra Pradesh"
C0352,Stephen Harris,21,Female,"Srinivasarao Colony, Guntur, Andhra Pradesh"
C0353,Jennifer Bell,44,Female,"Bairagi Patteda, Tirupati, Andhra Pradesh"
C0354,Anthony Christensen,64,Other,"Rajahmundry Center, Rajahmundry, Andhra Pradesh"
C0355,Jeffery Hansen,50,Other,"Kamepalli, Tirupati, Andhra Pradesh"
C0356,Mrs. Catherine Walsh DDS,33,Other,"Chuttugunta, Guntur, Andhra Pradesh"
C0357,Cory Sanders,24,Male,"Nagole, Hyderabad, Telangana"
C0358,Vanessa Cantrell,61,Male,"Rajahmundry Urban, Rajahmundry, Andhra Pradesh"
C0359,Cynthia Henderson,37,Other,"Devi Chowk, Rajahmundry, Andhra Pradesh"
C0360,Katherine Galloway,31,Male,"R.C. Road, Tirupati, Andhra Pradesh"
C0361,Aaron Rivera,52,Other,"Brodipet, Guntur, Andhra Pradesh"
C0362,Paula Lewis,28,Male,"Vemagiri, Rajahmundry, Andhra Pradesh"
C0363,Troy Phillips,64,Other,"Auto Nagar, Vijayawada, Andhra Pradesh"
C0364,Jordan Burke,65,Other,"Bhavanipuram, Vijayawada, Andhra Pradesh"
C0365,Mary Brown,59,Other,"Chandramouli Nagar, Guntur, Andhra Pradesh"
C0366,Cindy Cruz,30,Male,"Srinivasarao Colony, Guntur, Andhra Pradesh"
C0367,Toni Bell,26,Female,"Sangadi Gunta, Guntur, Andhra Pradesh"
C0368,Jeremy Wilson,55,Female,"Malakpet, Hyderabad, Telangana"
C0369,David Parker,54,Female,"Gollapudi, Vijayawada, Andhra Pradesh"
C0370,Misty Mann,29,Female,"Ramesh Hospital Road, Vijayawada, Andhra Pradesh"
C0371,Stacy Huynh,32,Other,"Kotagummam, Rajahmundry, Andhra Pradesh"
C0372,Andrew Briggs,25,Female,"Auto Nagar, Vijayawada, Andhra Pradesh"
C0373,Teresa Morris,33,Male,"Morampudi, Rajahmundry, Andhra Pradesh"
C0374,Joseph Hicks,55,Other,"Kondapur, Hyderabad, Telangana"
C0375,Christopher Moran,43,Other,"Chuttugunta, Guntur, Andhra Pradesh"
C0376,Sara Mcdonald,68,Female,"Rajahmundry Urban, Rajahmundry, Andhra Pradesh"
C0377,Monica Mcpherson,32,Male,"Railpet, Guntur, Andhra Pradesh"
C0378,Christina Davidson,29,Male,"Sitaramapuram, Guntur, Andhra Pradesh"
C0379,Ronald Pham,70,Female,"Kapilatheertham, Tirupati, Andhra Pradesh"
C0380,Matthew Garrett,37,Male,"Guntur One Town, Guntur, Andhra Pradesh"
C0381,Crystal Thomas,33,Female,"Tata Nagar, Tirupati, Andhra Pradesh"
C0382,Sara Brown,22,Male,"Srinivasarao Thota, Guntur, Andhra Pradesh"
C0383,Margaret Blair,63,Other,"Reddy Palem, Guntur, Andhra Pradesh"
C0384,Douglas Greer,70,Other,"Chuttugunta, Guntur, Andhra Pradesh"
C0385,Leah Williams,24,Female,"Uppal, Hyderabad, Telangana"
C0386,Mr. Peter Jones,49,Other,"Nallapadu, Guntur, Andhra Pradesh"
C0387,Isaac Williams,40,Other,"Venkatadri Colony, Tirupati, Andhra Pradesh"
C0388,Heather Webster,45,Male,"Poranki, Vijayawada, Andhra Pradesh"
C0389,Joel Mejia,27,Male,"Nidadavolu, Rajahmundry, Andhra Pradesh"
C0390,Heather Roberts,40,Male,"Kapilatheertham, Tirupati, Andhra Pradesh"
C0391,Jennifer Moore,18,Female,"Railway Colony, Tirupati, Andhra Pradesh"
C0392,Ryan Rogers,20,Male,"Uppal, Hyderabad, Telangana"
C0393,Ethan Williams,27,Other,"Chuttugunta, Guntur, Andhra Pradesh"
C0394,Douglas Miller,58,Male,"Nallacheruvu, Guntur, Andhra Pradesh"
C0395,Joseph Stewart,52,Other,"Brodipet, Guntur, Andhra Pradesh"
C0396,Heather Ramsey,31,Female,"Naidupeta Road, Tirupati, Andhra Pradesh"
C0397,Cristina Brooks,61,Other,"Arundelpet, Guntur, Andhra Pradesh"
C0398,Valerie White,57,Male,"Chikkadpally, Hyderabad, Telangana"
C0399,Jonathan Holloway,40,Female,"Etukuru Road, Guntur, Andhra Pradesh"
C0400,Maria Smith,30,Male,"Chinthalapalem, Rajahmundry, Andhra Pradesh"
C0401,Christopher Martinez,57,Female,"Abids, Hyderabad, Telangana"
C0402,Kenneth Sellers,52,Other,"Sitaramapuram, Guntur, Andhra Pradesh"
C0403,James Vaughn,61,Male,"Morampudi, Rajahmundry, Andhra Pradesh"
C0404,Eric Smith,20,Male,"Nallacheruvu, Guntur, Andhra Pradesh"
C0405,Michael Fitzgerald,61,Male,"Nagole, Hyderabad, Telangana"
C0406,Tommy Henry,44,Female,"Chinthalapalem, Rajahmundry, Andhra Pradesh"
C0407,Joanna Schneider,41,Male,"Ameerpet, Hyderabad, Telangana"
C0408,Dr. Michelle Bailey DVM,62,Female,"Kesanakurru, Rajahmundry, Andhra Pradesh"
C0409,Bethany Moreno,27,Male,"Balaji Nagar, Tirupati, Andhra Pradesh"
C0410,Joseph Mcintyre,37,Female,"Krishna Lanka, Vijayawada, Andhra Pradesh"
C0411,Cheryl Zamora,40,Female,"Railway Colony, Tirupati, Andhra Pradesh"
C0412,Samantha Sanchez,62,Female,"Jubilee Hills, Hyderabad, Telangana"
C0413,Felicia Hernandez,50,Male,"Chikkadpally, Hyderabad, Telangana"
C0414,Richard Becker,63,Female,"Thadithota, Rajahmundry, Andhra Pradesh"
C0415,Betty Calhoun,56,Female,"Mangalam, Tirupati, Andhra Pradesh"
C0416,Christopher Grant,48,Male,"Gannavaram, Vijayawada, Andhra Pradesh"
C0417,Robert Phillips,65,Other,"Morampudi, Rajahmundry, Andhra Pradesh"
C0418,Kendra Conner,33,Female,"Kadiyam, Rajahmundry, Andhra Pradesh"
C0419,Ryan James,67,Female,"Srinivasa Nagar, Tirupati, Andhra Pradesh"
C0420,Jacob Brown,59,Male,"Railpet, Guntur, Andhra Pradesh"
C0421,Michael Anderson,66,Male,"Balaji Nagar, Tirupati, Andhra Pradesh"
C0422,Jessica Moss,66,Other,"Kothur, Tirupati, Andhra Pradesh"
C0423,Erika Holmes,36,Female,"Poranki, Vijayawada, Andhra Pradesh"
C0424,Samantha Riley,70,Other,"Ponnur Road, Guntur, Andhra Pradesh"
C0425,Christopher Acosta,23,Female,"Madhuranagar, Vijayawada, Andhra Pradesh"
C0426,Kyle Mullins,35,Male,"One Town, Vijayawada, Andhra Pradesh"
C0427,Kyle Martin,45,Other,"Mehdipatnam, Hyderabad, Telangana"
C0428,Jeffrey Roach,58,Female,"SR Nagar, Hyderabad, Telangana"
C0429,Jessica Cooper,42,Other,"Thadithota, Rajahmundry, Andhra Pradesh"
C0430,Anna Duran,61,Male,"Kadiyam, Rajahmundry, Andhra Pradesh"
C0431,Jessica Campbell,46,Male,"Jubilee Hills, Hyderabad, Telangana"
C0432,Adam Calhoun,49,Other,"Reddy Palem, Guntur, Andhra Pradesh"
C0433,Renee Phillips,42,Female,"Kesanakurru, Rajahmundry, Andhra Pradesh"
C0434,Tristan Daniels,27,Other,"Kanuru, Vijayawada, Andhra Pradesh"
C0435,Deanna Mitchell,51,Male,"Tiruchanur, Tirupati, Andhra Pradesh"
C0436,Jonathan Rice,27,Female,"Chinthalapalem, Rajahmundry, Andhra Pradesh"
C0437,Rhonda Wilson,26,Female,"Renigunta, Tirupati, Andhra Pradesh"
C0438,David Carlson,60,Female,"Kanuru, Vijayawada, Andhra Pradesh"
C0439,Kyle Wood,41,Other,"Gollapudi, Vijayawada, Andhra Pradesh"
C0440,Angela Osborne,53,Female,"Mehdipatnam, Hyderabad, Telangana"
C0441,Rachel Cooper,32,Female,"Srinivasarao Colony, Guntur, Andhra Pradesh"
C0442,Lori Davis,20,Other,"Railway Colony, Tirupati, Andhra Pradesh"
C0443,Kara Rodriguez,27,Other,"Chinthalapalem, Rajahmundry, Andhra Pradesh"
C0444,Kimberly Wells,65,Other,"Kadiyam, Rajahmundry, Andhra Pradesh"
C0445,Ryan Carlson,28,Male,"Nidadavolu, Rajahmundry, Andhra Pradesh"
C0446,Jennifer Thomas,52,Other,"Karakambadi, Tirupati, Andhra Pradesh"
C0447,Kimberly Medina,70,Female,"Morampudi, Rajahmundry, Andhra Pradesh"
C0448,Martin Short,30,Female,"Saidabad, Hyderabad, Telangana"
C0449,Bryan Burgess,46,Female,"SR Nagar, Hyderabad, Telangana"
C0450,Caleb Stanley,40,Female,"Srinivasarao Colony, Guntur, Andhra Pradesh"
C0451,Rachel Ellison,43,Female,"Brodipet, Guntur, Andhra Pradesh"
C0452,Edward Hill,47,Female,"Jubilee Hills, Hyderabad, Telangana"
C0453,Stacie Young,66,Other,"Tirupati West, Tirupati, Andhra Pradesh"
C0454,Jerry Bennett,18,Male,"Nagole, Hyderabad, Telangana"
C0455,Michael Gray,46,Other,"Balaji Nagar, Tirupati, Andhra Pradesh"
C0456,Michael Young,53,Other,"Auto Nagar, Vijayawada, Andhra Pradesh"
C0457,Raymond Lutz,62,Other,"Tataiahgunta, Tirupati, Andhra Pradesh"
C0458,Sydney Gomez,27,Male,"Nallacheruvu, Guntur, Andhra Pradesh"
C0459,Carrie Cain,44,Female,"Srinivasa Nagar, Tirupati, Andhra Pradesh"
C0460,Jeffrey Walters,67,Other,"Kesanakurru, Rajahmundry, Andhra Pradesh"
C0461,Johnathan Williams,20,Female,"Diwancheruvu, Rajahmundry, Andhra Pradesh"
C0462,Juan Watson,61,Male,"Vemagiri, Rajahmundry, Andhra Pradesh"
C0463,Sarah Casey,63,Female,"Nallapadu, Guntur, Andhra Pradesh"
C0464,Kendra Riley,58,Other,"Vidhyadharapuram, Vijayawada, Andhra Pradesh"
C0465,Eric Schmidt,56,Male,"Rajamahendravaram, Rajahmundry, Andhra Pradesh"
C0466,Jerry Meyer,38,Female,"Namburu, Guntur, Andhra Pradesh"
C0467,Lauren Kennedy MD,68,Other,"Balaji Nagar, Tirupati, Andhra Pradesh"
C0468,Lindsey Harrison,45,Other,"Kesanakurru, Rajahmundry, Andhra Pradesh"
C0469,Lisa Price,19,Female,"Kothapeta, Guntur, Andhra Pradesh"
C0470,Benjamin Fry,40,Other,"Nallapadu, Guntur, Andhra Pradesh"
C0471,Kristen Green,68,Other,"Pushkar Ghat, Rajahmundry, Andhra Pradesh"
C0472,Adam Wiggins,53,Female,"Chikkadpally, Hyderabad, Telangana"
C0473,Arthur Kennedy,59,Female,"Rajahmundry Center, Rajahmundry, Andhra Pradesh"
C0474,Robert Graham,36,Other,"Uppal, Hyderabad, Telangana"
C0475,Christian Cox,57,Other,"MR Palli, Tirupati, Andhra Pradesh"
C0476,Mary Lawrence,23,Male,"Bairagi Patteda, Tirupati, Andhra Pradesh"
C0477,Latoya Maddox,30,Other,"Gokavaram, Rajahmundry, Andhra Pradesh"
C0478,Kristen Smith,28,Other,"Kanuru, Vijayawada, Andhra Pradesh"
C0479,Dr. Michael Perry,33,Female,"Naidupeta Road, Tirupati, Andhra Pradesh"
C0480,Cathy Garner,62,Female,"Srinivasarao Thota, Guntur, Andhra Pradesh"
C0481,James Singh,67,Other,"Chinthalapalem, Rajahmundry, Andhra Pradesh"
C0482,Shari Chen,60,Male,"Saidabad, Hyderabad, Telangana"
C0483,Andres Sanchez,45,Female,"Ajit Singh Nagar, Vijayawada, Andhra Pradesh"
C0484,Richard Mcmahon,42,Other,"Sangadi Gunta, Guntur, Andhra Pradesh"
C0485,Gabriel Chandler,26,Female,"Chikkadpally, Hyderabad, Telangana"
C0486,Julian Thompson,54,Other,"Kesanakurru, Rajahmundry, Andhra Pradesh"
C0487,Shawn Gutierrez,57,Other,"Ramavarappadu, Vijayawada, Andhra Pradesh"
C0488,Carl Lee,59,Male,"Chinthalapalem, Rajahmundry, Andhra Pradesh"
C0489,Joshua Shaffer,66,Female,"Auto Nagar, Vijayawada, Andhra Pradesh"
C0490,Michael Lewis,53,Other,"Lakshmipuram, Guntur, Andhra Pradesh"
C0491,Deanna Hanna,70,Other,"Guntur One Town, Guntur, Andhra Pradesh"
C0492,Sharon Reeves,52,Female,"Rajamahendravaram, Rajahmundry, Andhra Pradesh"
C0493,Luis Washington,47,Male,"Eluru Road, Vijayawada, Andhra Pradesh"
C0494,Victoria Underwood,53,Male,"Naidupeta Road, Tirupati, Andhra Pradesh"
C0495,Dr. Laura Robinson,61,Male,"Rajahmundry Rural, Rajahmundry, Andhra Pradesh"
C0496,Kyle Riley,47,Female,"Kapilatheertham, Tirupati, Andhra Pradesh"
C0497,Joshua Barker,62,Other,"Gollapudi, Vijayawada, Andhra Pradesh"
C0498,Stephanie Mcpherson,34,Other,"Guntur One Town, Guntur, Andhra Pradesh"
C0499,Donald Hernandez,51,Female,"Lakshmipuram, Guntur, Andhra Pradesh"
C0500,Thomas Montoya,57,Male,"Brodipet, Guntur, Andhra Pradesh"
C0501,Brian Parker,66,Female,"Reddy Palem, Guntur, Andhra Pradesh"
C0502,Marie Mayo,67,Other,"Tirupati West, Tirupati, Andhra Pradesh"
C0503,William Morris,36,Female,"Darbhagudem, Rajahmundry, Andhra Pradesh"
C0504,Edward Fisher,43,Female,"Kotagummam, Rajahmundry, Andhra Pradesh"
C0505,Jamie Torres,40,Other,"Diwancheruvu, Rajahmundry, Andhra Pradesh"
C0506,James Alexander,54,Male,"Sangadi Gunta, Guntur, Andhra Pradesh"
C0507,Joseph Clements,30,Female,"R.C. Road, Tirupati, Andhra Pradesh"
C0508,Mark Carpenter,27,Male,"Vemagiri, Rajahmundry, Andhra Pradesh"
C0509,Brandy Weber,38,Male,"Madhuranagar, Vijayawada, Andhra Pradesh"
C0510,Aaron Bentley,55,Male,"R.C. Road, Tirupati, Andhra Pradesh"
C0511,Ryan Anderson,18,Other,"Ramesh Hospital Road, Vijayawada, Andhra Pradesh"
C0512,Melanie Pearson,59,Other,"KPHB, Hyderabad, Telangana"
C0513,Douglas Kennedy,31,Other,"Dowleswaram, Rajahmundry, Andhra Pradesh"
C0514,Joshua Riley,68,Other,"Darbhagudem, Rajahmundry, Andhra Pradesh"
C0515,Anthony Hanson,64,Male,"Gokavaram, Rajahmundry, Andhra Pradesh"
C0516,Charles Hoffman,23,Other,"Gannavaram, Vijayawada, Andhra Pradesh"
C0517,Robert Simmons,55,Female,"Tata Nagar, Tirupati, Andhra Pradesh"
C0518,Cassandra Harrison,67,Male,"Begumpet, Hyderabad, Telangana"
C0519,April Smith,54,Other,"Malakpet, Hyderabad, Telangana"
C0520,Mr. Michael Bates,42,Other,"Dwarapudi, Rajahmundry, Andhra Pradesh"
C0521,Zachary Anderson,20,Female,"Ramesh Hospital Road, Vijayawada, Andhra Pradesh"
C0522,Jonathan Fisher,45,Male,"Gollapudi, Vijayawada, Andhra Pradesh"
C0523,Catherine Parker,57,Other,"Nidadavolu, Rajahmundry, Andhra Pradesh"
C0524,Kara Rivas,67,Male,"Srinivasarao Colony, Guntur, Andhra Pradesh"
C0525,Eduardo Shaffer,46,Female,"Kesanakurru, Rajahmundry, Andhra Pradesh"
C0526,Jesse Ward,44,Other,"Sangadi Gunta, Guntur, Andhra Pradesh"
C0527,Robert Huynh,40,Female,"Vemagiri, Rajahmundry, Andhra Pradesh"
C0528,Richard Cannon,19,Other,"Kotagummam, Rajahmundry, Andhra Pradesh"
C0529,Seth Davis,59,Male,"Saidabad, Hyderabad, Telangana"
C0530,Aaron Thomas,40,Male,"Jubilee Hills, Hyderabad, Telangana"
C0531,Deborah Holland,43,Female,"Chuttugunta, Guntur, Andhra Pradesh"
C0532,Carol Anderson,22,Other,"SR Nagar, Hyderabad, Telangana"
C0533,Tammy Wright,34,Other,"Miyapur, Hyderabad, Telangana"
C0534,Crystal Cochran,28,Male,"Korukonda, Rajahmundry, Andhra Pradesh"
C0535,Teresa Medina,51,Male,"Brodipet, Guntur, Andhra Pradesh"
C0536,Daniel Coleman,52,Other,"KPHB, Hyderabad, Telangana"
C0537,Ray Williams,21,Other,"Dilsukhnagar, Hyderabad, Telangana"
C0538,Matthew Brown,32,Other,"Gorantla, Guntur, Andhra Pradesh"
C0539,Scott Green,58,Male,"Darbhagudem, Rajahmundry, Andhra Pradesh"
C0540,Katherine Johnson,33,Other,"Gannavaram, Vijayawada, Andhra Pradesh"
C0541,Kristina Cox,32,Female,"Devi Chowk, Rajahmundry, Andhra Pradesh"
C0542,Shelby Nelson DVM,49,Female,"Ajit Singh Nagar, Vijayawada, Andhra Pradesh"
C0543,Angela Curtis,38,Female,"Gollapudi, Vijayawada, Andhra Pradesh"
C0544,Ebony Vaughn,33,Other,"R.C. Road, Tirupati, Andhra Pradesh"
C0545,Suzanne Green,49,Male,"Renigunta, Tirupati, Andhra Pradesh"
C0546,Joseph Vasquez,50,Male,"Devi Chowk, Rajahmundry, Andhra Pradesh"
C0547,Jeremy Harrington,24,Other,"Madhuranagar, Vijayawada, Andhra Pradesh"
C0548,Carol Banks,65,Other,"Nidadavolu, Rajahmundry, Andhra Pradesh"
C0549,Kevin Higgins,19,Male,"Nidadavolu, Rajahmundry, Andhra Pradesh"
C0550,Todd Scott,38,Female,"Begumpet, Hyderabad, Telangana"
C0551,Crystal Martin,47,Other,"Sangadi Gunta, Guntur, Andhra Pradesh"
C0552,Ethan Pena,22,Female,"Gollapudi, Vijayawada, Andhra Pradesh"
C0553,Matthew Larson,61,Female,"Diwancheruvu, Rajahmundry, Andhra Pradesh"
C0554,Rebecca Carpenter,54,Female,"Railway Colony, Tirupati, Andhra Pradesh"
C0555,Deborah Beltran,53,Male,"Nidadavolu, Rajahmundry, Andhra Pradesh"
C0556,Kimberly Park,42,Male,"Kadiyam, Rajahmundry, Andhra Pradesh"
C0557,Lynn Martin,22,Other,"Singh Nagar, Vijayawada, Andhra Pradesh"
C0558,Sally Waters,64,Other,"Chinthalapalem, Rajahmundry, Andhra Pradesh"
C0559,Robert Collins,31,Other,"Singh Nagar, Vijayawada, Andhra Pradesh"
C0560,Tony Fields,40,Other,"MR Palli, Tirupati, Andhra Pradesh"
C0561,Debra Carr,62,Male,"Railway Colony, Tirupati, Andhra Pradesh"
C0562,Jennifer Cummings,27,Other,"Brodipet, Guntur, Andhra Pradesh"
C0563,Miguel Woodward,53,Male,"Nidadavolu, Rajahmundry, Andhra Pradesh"
C0564,Cody Huff,50,Male,"Abids, Hyderabad, Telangana"
C0565,Suzanne Harris,63,Female,"Saidabad, Hyderabad, Telangana"
C0566,Joshua Hill,19,Other,"Kadiyam, Rajahmundry, Andhra Pradesh"
C0567,Mrs. Katherine Mcgrath,23,Other,"Currency Nagar, Vijayawada, Andhra Pradesh"
C0568,Stephen Torres,29,Other,"Chuttugunta, Guntur, Andhra Pradesh"
C0569,James Scott,47,Other,"Currency Nagar, Vijayawada, Andhra Pradesh"
C0570,Jennifer Mason,47,Male,"Etukuru Road, Guntur, Andhra Pradesh"
C0571,Angelica Allen,51,Male,"Gachibowli, Hyderabad, Telangana"
C0572,Kyle Butler,40,Male,"Srinivasarao Thota, Guntur, Andhra Pradesh"
C0573,Michelle Morgan,47,Male,"Abids, Hyderabad, Telangana"
C0574,Kevin Frank,56,Female,"Etukuru Road, Guntur, Andhra Pradesh"
C0575,Nancy Flores,32,Other,"Dilsukhnagar, Hyderabad, Telangana"
C0576,Holly Crawford,24,Other,"Guntur One Town, Guntur, Andhra Pradesh"
C0577,Brandon Edwards,47,Other,"Poranki, Vijayawada, Andhra Pradesh"
C0578,Roberto Thornton,22,Male,"One Town, Vijayawada, Andhra Pradesh"
C0579,Priscilla Sanchez,30,Female,"Lakshmipuram, Guntur, Andhra Pradesh"
C0580,Erica Brown,70,Female,"Kamepalli, Tirupati, Andhra Pradesh"
C0581,Michael Brooks,36,Male,"Kanuru, Vijayawada, Andhra Pradesh"
C0582,Patrick Carroll,54,Other,"Kadiyam, Rajahmundry, Andhra Pradesh"
C0583,Brian Long,32,Other,"Nallapadu, Guntur, Andhra Pradesh"
C0584,Joe Bentley,23,Other,"Kesanakurru, Rajahmundry, Andhra Pradesh"
C0585,Christina Phillips,65,Female,"Madhuranagar, Vijayawada, Andhra Pradesh"
C0586,Patricia Hernandez,33,Female,"Kotagummam, Rajahmundry, Andhra Pradesh"
C0587,Jordan Chavez,63,Other,"Ponnur Road, Guntur, Andhra Pradesh"
C0588,Jay Gray,19,Other,"Dwarapudi, Rajahmundry, Andhra Pradesh"
C0589,Samuel Mcdaniel,62,Male,"Sangadi Gunta, Guntur, Andhra Pradesh"
C0590,Karen Cohen,32,Female,"Begumpet, Hyderabad, Telangana"
C0591,Karen Anderson,58,Other,"Kothapeta, Guntur, Andhra Pradesh"
C0592,Susan Allen,37,Male,"R.C. Road, Tirupati, Andhra Pradesh"
C0593,Daniel Morgan,42,Male,"Nallapadu, Guntur, Andhra Pradesh"
C0594,Catherine Jones,48,Female,"Auto Nagar, Vijayawada, Andhra Pradesh"
C0595,Jennifer Wilson,68,Female,"Saidabad, Hyderabad, Telangana"
C0596,Tiffany Hernandez,35,Female,"Tata Nagar, Tirupati, Andhra Pradesh"
C0597,Megan Whitaker,40,Female,"Renigunta, Tirupati, Andhra Pradesh"
C0598,Regina Deleon,34,Female,"Begumpet, Hyderabad, Telangana"
C0599,Deborah Silva,24,Male,"Guntur One Town, Guntur, Andhra Pradesh"
C0600,Matthew Lamb,58,Other,"Koti, Hyderabad, Telangana"
C0601,Christine Trujillo,48,Male,"Gachibowli, Hyderabad, Telangana"
C0602,Kenneth Brown,43,Male,"Sitaramapuram, Guntur, Andhra Pradesh"
C0603,Brian Crane,65,Other,"Miyapur, Hyderabad, Telangana"
C0604,Regina Mahoney,38,Other,"One Town, Vijayawada, Andhra Pradesh"
C0605,William Cain,53,Female,"Singh Nagar, Vijayawada, Andhra Pradesh"
C0606,Justin Johnson,54,Female,"Diwancheruvu, Rajahmundry, Andhra Pradesh"
C0607,Paige Mitchell,46,Male,"Srinivasa Nagar, Tirupati, Andhra Pradesh"
C0608,David Sims,53,Female,"Naidupeta Road, Tirupati, Andhra Pradesh"
C0609,Tammy Taylor,25,Female,"Chinthalapalem, Rajahmundry, Andhra Pradesh"
C0610,Tonya Wilson,39,Other,"Thadithota, Rajahmundry, Andhra Pradesh"
C0611,Jessica Martinez,18,Other,"Nidadavolu, Rajahmundry, Andhra Pradesh"
C0612,Blake Santana,68,Male,"Moosapet, Hyderabad, Telangana"
C0613,Edward Richard,48,Female,"Eluru Road, Vijayawada, Andhra Pradesh"
C0614,Edward Sweeney,65,Other,"Rajahmundry Urban, Rajahmundry, Andhra Pradesh"
C0615,Angela Wilson,47,Male,"Nallapadu, Guntur, Andhra Pradesh"
C0616,Kelsey Hall,65,Other,"Sangadi Gunta, Guntur, Andhra Pradesh"
C0617,Kathy Gross,28,Other,"Arundelpet, Guntur, Andhra Pradesh"
C0618,William Shaffer,70,Male,"Nidadavolu, Rajahmundry, Andhra Pradesh"
C0619,Dr. Bruce Cruz Jr.,67,Male,"Ramavarappadu, Vijayawada, Andhra Pradesh"
C0620,Lauren Morales,46,Male,"Kesanakurru, Rajahmundry, Andhra Pradesh"
C0621,Sherri Marks,40,Male,"Currency Nagar, Vijayawada, Andhra Pradesh"
C0622,Donald Jones,36,Other,"Gachibowli, Hyderabad, Telangana"
C0623,Derrick House,46,Female,"Chuttugunta, Guntur, Andhra Pradesh"
C0624,Nancy Aguilar,59,Male,"Krishna Nagar, Vijayawada, Andhra Pradesh"
C0625,Hannah Hayes,45,Other,"Gollapudi, Vijayawada, Andhra Pradesh"
C0626,Kendra Smith,45,Female,"Tiruchanur, Tirupati, Andhra Pradesh"
C0627,Brittany Carter,39,Male,"Tiruchanur, Tirupati, Andhra Pradesh"
C0628,Kenneth Boyd,42,Other,"Vidhyadharapuram, Vijayawada, Andhra Pradesh"
C0629,Rebekah Woods,67,Male,"Currency Nagar, Vijayawada, Andhra Pradesh"
C0630,Jeffery Hoffman,32,Female,"Nagole, Hyderabad, Telangana"
C0631,Betty Shepherd,64,Female,"Krishna Lanka, Vijayawada, Andhra Pradesh"
C0632,Christina Henry,36,Other,"Kamepalli, Tirupati, Andhra Pradesh"
C0633,Maria Crawford,24,Other,"Ramavarappadu, Vijayawada, Andhra Pradesh"
C0634,Sarah Keith,58,Male,"Koti, Hyderabad, Telangana"
C0635,Matthew Coleman,29,Female,"Moosapet, Hyderabad, Telangana"
C0636,Peter Martinez,53,Female,"Krishna Nagar, Vijayawada, Andhra Pradesh"
C0637,Lisa Soto,52,Other,"Brodipet, Guntur, Andhra Pradesh"
C0638,Christine Palmer,21,Other,"Kanuru, Vijayawada, Andhra Pradesh"
C0639,Sarah Diaz,63,Female,"Koti, Hyderabad, Telangana"
C0640,Rebecca Valencia,33,Other,"Pushkar Ghat, Rajahmundry, Andhra Pradesh"
C0641,Heather Rollins,34,Male,"Kondapur, Hyderabad, Telangana"
C0642,Alan Chang,51,Female,"Morampudi, Rajahmundry, Andhra Pradesh"
C0643,Peggy Swanson,42,Male,"Lakshmipuram, Guntur, Andhra Pradesh"
C0644,Nicole Walsh,43,Female,"Kothur, Tirupati, Andhra Pradesh"
C0645,Andrew Hansen,39,Male,"Pushkar Ghat, Rajahmundry, Andhra Pradesh"
C0646,Cory Butler,59,Male,"Currency Nagar, Vijayawada, Andhra Pradesh"
C0647,Faith Gonzalez,60,Female,"Malakpet, Hyderabad, Telangana"
C0648,Nathaniel Hall MD,18,Other,"Srinivasarao Thota, Guntur, Andhra Pradesh"
C0649,Julie Thomas,37,Male,"Gachibowli, Hyderabad, Telangana"
C0650,Dana Klein,30,Male,"Dowleswaram, Rajahmundry, Andhra Pradesh"
C0651,Ashley Manning,56,Other,"Chinthalapalem, Rajahmundry, Andhra Pradesh"
C0652,Michelle Butler,34,Other,"Morampudi, Rajahmundry, Andhra Pradesh"
C0653,Stephanie Reeves,46,Other,"Kondapur, Hyderabad, Telangana"
C0654,Aaron Hudson,28,Male,"Srinivasarao Colony, Guntur, Andhra Pradesh"
C0655,Michelle Wilson,26,Female,"Gollapudi, Vijayawada, Andhra Pradesh"
C0656,Kenneth Chandler,57,Female,"Kanuru, Vijayawada, Andhra Pradesh"
C0657,Karen Powers,60,Other,"Tirupati West, Tirupati, Andhra Pradesh"
C0658,John Simpson,32,Female,"Tata Nagar, Tirupati, Andhra Pradesh"
C0659,Margaret Andrews,35,Other,"Thadithota, Rajahmundry, Andhra Pradesh"
C0660,Thomas Stone,39,Other,"Railway Colony, Tirupati, Andhra Pradesh"
C0661,Kerry Elliott,69,Other,"Pushkar Ghat, Rajahmundry, Andhra Pradesh"
C0662,Betty Collins,38,Female,"Srinivasa Nagar, Tirupati, Andhra Pradesh"
C0663,Noah Thompson,54,Other,"Miyapur, Hyderabad, Telangana"
C0664,Kevin Johnson,33,Other,"Tiruchanur, Tirupati, Andhra Pradesh"
C0665,Angela Brown,42,Other,"Morampudi, Rajahmundry, Andhra Pradesh"
C0666,Arthur Smith,28,Other,"Ramesh Hospital Road, Vijayawada, Andhra Pradesh"
C0667,Beth Blair,43,Male,"Srinivasarao Thota, Guntur, Andhra Pradesh"
C0668,Michael Wright,45,Other,"Rajahmundry Center, Rajahmundry, Andhra Pradesh"
C0669,Edward Owens,47,Male,"KPHB, Hyderabad, Telangana"
C0670,Lauren Sullivan,57,Female,"Vemagiri, Rajahmundry, Andhra Pradesh"
C0671,Bob Sanchez,33,Male,"Gorantla, Guntur, Andhra Pradesh"
C0672,Matthew Galvan,63,Male,"Auto Nagar, Vijayawada, Andhra Pradesh"
C0673,Jessica Walters,31,Male,"Kondapur, Hyderabad, Telangana"
C0674,Katrina Middleton,53,Male,"Kondapur, Hyderabad, Telangana"
C0675,Rita Smith,29,Male,"Chinthalapalem, Rajahmundry, Andhra Pradesh"
C0676,Lacey Johnson,18,Female,"Etukuru Road, Guntur, Andhra Pradesh"
C0677,Corey Sullivan,31,Other,"Balaji Nagar, Tirupati, Andhra Pradesh"
C0678,Amy Hodge,59,Female,"Karakambadi, Tirupati, Andhra Pradesh"
C0679,Andrew Allen,58,Male,"Tata Nagar, Tirupati, Andhra Pradesh"
C0680,Johnny Petersen,44,Other,"SR Nagar, Hyderabad, Telangana"
C0681,Jesse Ellison,32,Other,"Guntur One Town, Guntur, Andhra Pradesh"
C0682,Robert Hutchinson,58,Other,"Dilsukhnagar, Hyderabad, Telangana"
C0683,Jessica Clark,69,Other,"Railway Colony, Tirupati, Andhra Pradesh"
C0684,Amy Luna,67,Male,"Nallapadu, Guntur, Andhra Pradesh"
C0685,Anthony Gross,22,Male,"Kapilatheertham, Tirupati, Andhra Pradesh"
C0686,John Johnson,53,Other,"Krishna Lanka, Vijayawada, Andhra Pradesh"
C0687,Scott Anderson,65,Female,"Rajahmundry Urban, Rajahmundry, Andhra Pradesh"
C0688,Dr. Jessica Monroe,63,Male,"Moosapet, Hyderabad, Telangana"
C0689,Cory Hall,64,Other,"MR Palli, Tirupati, Andhra Pradesh"
C0690,Lisa Marks,56,Male,"Nagole, Hyderabad, Telangana"
C0691,Chelsea Duncan,54,Female,"Renigunta, Tirupati, Andhra Pradesh"
C0692,Laura Jackson,52,Female,"Kotagummam, Rajahmundry, Andhra Pradesh"
C0693,Evan Hampton,25,Other,"Mangalam, Tirupati, Andhra Pradesh"
C0694,Alicia Galvan MD,52,Other,"Alipiri, Tirupati, Andhra Pradesh"
C0695,Shannon Howard,65,Female,"Kamepalli, Tirupati, Andhra Pradesh"
C0696,Morgan Ross,20,Female,"Mehdipatnam, Hyderabad, Telangana"
C0697,Susan Navarro,60,Male,"Reddy Palem, Guntur, Andhra Pradesh"
C0698,Travis Bishop,38,Female,"Gorantla, Guntur, Andhra Pradesh"
C0699,Jessica Brown,37,Other,"Mehdipatnam, Hyderabad, Telangana"
C0700,Catherine Huynh,50,Female,"Krishna Nagar, Vijayawada, Andhra Pradesh"
C0701,Philip Johnson,54,Female,"Kesanakurru, Rajahmundry, Andhra Pradesh"
C0702,Mary Copeland,64,Male,"Benz Circle, Vijayawada, Andhra Pradesh"
C0703,James Davis,57,Other,"Malakpet, Hyderabad, Telangana"
C0704,Steven Scott,23,Female,"Singh Nagar, Vijayawada, Andhra Pradesh"
C0705,Lisa Everett,58,Male,"Morampudi, Rajahmundry, Andhra Pradesh"
C0706,Gabriel Moore,39,Other,"Nallacheruvu, Guntur, Andhra Pradesh"
C0707,Amanda Bowman,61,Other,"Reddy Palem, Guntur, Andhra Pradesh"
C0708,Kimberly Hernandez,36,Male,"Railpet, Guntur, Andhra Pradesh"
C0709,Walter Reynolds,41,Female,"Chandragiri, Tirupati, Andhra Pradesh"
C0710,Valerie Tran,66,Female,"Koti, Hyderabad, Telangana"
C0711,Patricia Johnson,66,Male,"Currency Nagar, Vijayawada, Andhra Pradesh"
C0712,Ryan Wheeler,70,Male,"Kondapur, Hyderabad, Telangana"
C0713,Deanna Lawson,53,Female,"Srinivasarao Thota, Guntur, Andhra Pradesh"
C0714,Kelsey Peters,43,Other,"Rajamahendravaram, Rajahmundry, Andhra Pradesh"
C0715,Aaron Bell,35,Other,"Tataiahgunta, Tirupati, Andhra Pradesh"
C0716,Patricia Garcia,19,Female,"Nidadavolu, Rajahmundry, Andhra Pradesh"
C0717,William Brown,32,Male,"Gannavaram, Vijayawada, Andhra Pradesh"
C0718,John Walters,63,Male,"Moosapet, Hyderabad, Telangana"
C0719,Carlos Thomas,25,Other,"Chinthalapalem, Rajahmundry, Andhra Pradesh"
C0720,Joseph Martin,66,Other,"Railpet, Guntur, Andhra Pradesh"
C0721,Michael Mack,32,Female,"Pushkar Ghat, Rajahmundry, Andhra Pradesh"
C0722,Patrick Jefferson,36,Female,"Arundelpet, Guntur, Andhra Pradesh"
C0723,Jennifer Browning,23,Female,"Singh Nagar, Vijayawada, Andhra Pradesh"
C0724,Julie Ross,20,Female,"Balaji Nagar, Tirupati, Andhra Pradesh"
C0725,Destiny Nichols,33,Female,"Uppal, Hyderabad, Telangana"
C0726,Hannah Taylor,28,Male,"Shyamala Nagar, Guntur, Andhra Pradesh"
C0727,Kathryn Bridges,30,Other,"Kanuru, Vijayawada, Andhra Pradesh"
C0728,Bryan Lane,24,Female,"Chandramouli Nagar, Guntur, Andhra Pradesh"
C0729,John Rivas,30,Other,"Banjara Hills, Hyderabad, Telangana"
C0730,David Martin,21,Male,"Rajahmundry Center, Rajahmundry, Andhra Pradesh"
C0731,Andrew Kelly,43,Male,"Krishna Lanka, Vijayawada, Andhra Pradesh"
C0732,Theresa Coleman,55,Male,"Kotagummam, Rajahmundry, Andhra Pradesh"
C0733,Marcus Davis,50,Female,"Gannavaram, Vijayawada, Andhra Pradesh"
C0734,Joshua Garza,39,Other,"MR Palli, Tirupati, Andhra Pradesh"
C0735,Jeremy Fields,25,Other,"Ameerpet, Hyderabad, Telangana"
C0736,Sophia Douglas,45,Other,"SR Nagar, Hyderabad, Telangana"
C0737,Patrick Pittman,31,Other,"Begumpet, Hyderabad, Telangana"
C0738,Seth Wong,58,Other,"KPHB, Hyderabad, Telangana"
C0739,Alexis Parker,36,Female,"Srinivasa Nagar, Tirupati, Andhra Pradesh"
C0740,Angela Serrano,55,Other,"R.C. Road, Tirupati, Andhra Pradesh"
C0741,Kendra Mcdonald,39,Other,"Kadiyam, Rajahmundry, Andhra Pradesh"
C0742,Debra Jenkins,42,Male,"Ameerpet, Hyderabad, Telangana"
C0743,Veronica Jimenez,24,Other,"KPHB, Hyderabad, Telangana"
C0744,Sarah Mccarthy,50,Male,"Currency Nagar, Vijayawada, Andhra Pradesh"
C0745,Samantha Carlson,44,Other,"Diwancheruvu, Rajahmundry, Andhra Pradesh"
C0746,Michelle Hester,44,Other,"SR Nagar, Hyderabad, Telangana"
C0747,Cassandra Kirk,35,Male,"Jubilee Hills, Hyderabad, Telangana"
C0748,Margaret Arnold,45,Male,"Devi Chowk, Rajahmundry, Andhra Pradesh"
C0749,Mary Simmons,21,Female,"Pushkar Ghat, Rajahmundry, Andhra Pradesh"
C0750,Derrick Baker,19,Male,"Ameerpet, Hyderabad, Telangana"
C0751,Eric Nunez,32,Male,"Chandramouli Nagar, Guntur, Andhra Pradesh"
C0752,Mark Olson,24,Other,"Vidhyadharapuram, Vijayawada, Andhra Pradesh"
C0753,Paul Dawson,52,Other,"Gollapudi, Vijayawada, Andhra Pradesh"
C0754,Cindy Huerta,66,Male,"Kothur, Tirupati, Andhra Pradesh"
C0755,Karen Perez,58,Other,"Kapilatheertham, Tirupati, Andhra Pradesh"
C0756,James Hernandez,56,Other,"Bhavanipuram, Vijayawada, Andhra Pradesh"
C0757,Cody Palmer,20,Other,"Etukuru Road, Guntur, Andhra Pradesh"
C0758,Charles Patrick,63,Other,"Ramavarappadu, Vijayawada, Andhra Pradesh"
C0759,Casey Robertson,61,Other,"Kanuru, Vijayawada, Andhra Pradesh"
C0760,Madison Benjamin,51,Female,"Ajit Singh Nagar, Vijayawada, Andhra Pradesh"
C0761,Harry Bryant,27,Male,"Naidupeta Road, Tirupati, Andhra Pradesh"
C0762,Peter Parker,24,Female,"Mehdipatnam, Hyderabad, Telangana"
C0763,Jonathan Brooks,55,Female,"Morampudi, Rajahmundry, Andhra Pradesh"
C0764,Cory Baker,25,Other,"Tirupati West, Tirupati, Andhra Pradesh"
C0765,Jeffrey Snyder,24,Female,"Devi Chowk, Rajahmundry, Andhra Pradesh"
C0766,John Whitehead,29,Other,"Tata Nagar, Tirupati, Andhra Pradesh"
C0767,Stephen White,63,Female,"Etukuru Road, Guntur, Andhra Pradesh"
C0768,Deborah Floyd,28,Other,"Kesanakurru, Rajahmundry, Andhra Pradesh"
C0769,Kenneth Williams,55,Female,"Morampudi, Rajahmundry, Andhra Pradesh"
C0770,Edgar Williamson,67,Female,"Kothapeta, Guntur, Andhra Pradesh"
C0771,Stephanie Clark,24,Male,"Balaji Nagar, Tirupati, Andhra Pradesh"
C0772,Tristan Browning,49,Other,"Lakshmipuram, Guntur, Andhra Pradesh"
C0773,Randall Chavez,20,Female,"Dilsukhnagar, Hyderabad, Telangana"
C0774,Joseph White DDS,21,Other,"Morampudi, Rajahmundry, Andhra Pradesh"
C0775,Jessica Mcintosh,36,Female,"Gachibowli, Hyderabad, Telangana"
C0776,Brian Griffin,19,Male,"Reddy Palem, Guntur, Andhra Pradesh"
C0777,Amanda Ford,33,Other,"Kondapur, Hyderabad, Telangana"
C0778,Geoffrey Logan,30,Female,"Mangalam, Tirupati, Andhra Pradesh"
C0779,Nathan Acosta,48,Male,"R.C. Road, Tirupati, Andhra Pradesh"
C0780,Ashley Rodriguez,58,Female,"Devi Chowk, Rajahmundry, Andhra Pradesh"
C0781,Brooke Brown,18,Female,"Balaji Nagar, Tirupati, Andhra Pradesh"
C0782,Jessica Johnson,55,Other,"Devi Chowk, Rajahmundry, Andhra Pradesh"
C0783,Linda Frederick,51,Male,"Vidhyadharapuram, Vijayawada, Andhra Pradesh"
C0784,Rebecca Macias,62,Male,"Bairagi Patteda, Tirupati, Andhra Pradesh"
C0785,Michael Ellis,29,Female,"Naidupeta Road, Tirupati, Andhra Pradesh"
C0786,Sandra Mosley,62,Female,"Begumpet, Hyderabad, Telangana"
C0787,Courtney Robinson,60,Female,"KPHB, Hyderabad, Telangana"
C0788,Alexandra Clayton,33,Other,"Malakpet, Hyderabad, Telangana"
C0789,Joshua Scott,48,Female,"Gunadala, Vijayawada, Andhra Pradesh"
C0790,Steven Porter,33,Female,"Eluru Road, Vijayawada, Andhra Pradesh"
C0791,Matthew Solis,63,Female,"Pushkar Ghat, Rajahmundry, Andhra Pradesh"
C0792,Molly Palmer,31,Other,"Mangalam, Tirupati, Andhra Pradesh"
C0793,Daniel Evans,66,Male,"Bhavanipuram, Vijayawada, Andhra Pradesh"
C0794,David Taylor,54,Female,"Reddy Palem, Guntur, Andhra Pradesh"
C0795,Cheryl Kerr,63,Female,"Rajahmundry Center, Rajahmundry, Andhra Pradesh"
C0796,Amanda Griffin,52,Other,"Srinivasarao Colony, Guntur, Andhra Pradesh"
C0797,Ryan Evans,42,Female,"KPHB, Hyderabad, Telangana"
C0798,Scott Joyce,49,Female,"KPHB, Hyderabad, Telangana"
C0799,Joel Young,47,Male,"Chikkadpally, Hyderabad, Telangana"
C0800,Miss Rachel Watson MD,36,Male,"Kadiyam, Rajahmundry, Andhra Pradesh"
C0801,Michael Ruiz,52,Male,"Srinivasarao Colony, Guntur, Andhra Pradesh"
C0802,James Reed,41,Male,"Vidhyadharapuram, Vijayawada, Andhra Pradesh"
C0803,Danielle Reed,55,Female,"Abids, Hyderabad, Telangana"
C0804,Scott Norris,62,Female,"Bhavanipuram, Vijayawada, Andhra Pradesh"
C0805,Shelly Flores,70,Male,"Namburu, Guntur, Andhra Pradesh"
C0806,Douglas Hamilton,27,Male,"Currency Nagar, Vijayawada, Andhra Pradesh"
C0807,Tammy Ward,44,Male,"Dilsukhnagar, Hyderabad, Telangana"
C0808,Sharon Rivera,67,Male,"R.C. Road, Tirupati, Andhra Pradesh"
C0809,Andrew Morris,56,Other,"Etukuru Road, Guntur, Andhra Pradesh"
C0810,Gabriel Rodriguez,62,Female,"Chandragiri, Tirupati, Andhra Pradesh"
C0811,Sharon Beck,55,Other,"Pushkar Ghat, Rajahmundry, Andhra Pradesh"
C0812,Cody Turner,53,Other,"Brodipet, Guntur, Andhra Pradesh"
C0813,Mary Wilson DVM,41,Other,"Reddy Palem, Guntur, Andhra Pradesh"
C0814,Matthew Gibson,59,Female,"Poranki, Vijayawada, Andhra Pradesh"
C0815,Kristin French,66,Female,"Sitaramapuram, Guntur, Andhra Pradesh"
C0816,Heather Davenport,48,Male,"Madhuranagar, Vijayawada, Andhra Pradesh"
C0817,Sarah Lopez,30,Female,"Krishna Lanka, Vijayawada, Andhra Pradesh"
C0818,Aaron Liu,39,Other,"Dilsukhnagar, Hyderabad, Telangana"
C0819,Travis Parker,53,Other,"Malakpet, Hyderabad, Telangana"
C0820,Paul Cox,44,Male,"Kapilatheertham, Tirupati, Andhra Pradesh"
C0821,Jake Galvan,52,Male,"KPHB, Hyderabad, Telangana"
C0822,Terrance Harrison,26,Male,"Naidupeta Road, Tirupati, Andhra Pradesh"
C0823,Michael Mann,35,Female,"R.C. Road, Tirupati, Andhra Pradesh"
C0824,David Rodriguez,25,Male,"Ajit Singh Nagar, Vijayawada, Andhra Pradesh"
C0825,Lacey Brown,65,Female,"Currency Nagar, Vijayawada, Andhra Pradesh"
C0826,Fernando Meadows,39,Female,"Eluru Road, Vijayawada, Andhra Pradesh"
C0827,Micheal Diaz,58,Female,"SR Nagar, Hyderabad, Telangana"
C0828,Sarah Wilson,33,Other,"Chuttugunta, Guntur, Andhra Pradesh"
C0829,Kendra Mccormick,67,Female,"Thadithota, Rajahmundry, Andhra Pradesh"
C0830,Charles Powers,65,Female,"Srinivasarao Thota, Guntur, Andhra Pradesh"
C0831,James Hubbard,63,Other,"One Town, Vijayawada, Andhra Pradesh"
C0832,Joseph Lewis,58,Other,"Nidamanuru, Vijayawada, Andhra Pradesh"
C0833,Robert Jones,29,Female,"Rajahmundry Rural, Rajahmundry, Andhra Pradesh"
C0834,James Benjamin,35,Other,"Railpet, Guntur, Andhra Pradesh"
C0835,Eric Johnson,49,Male,"Morampudi, Rajahmundry, Andhra Pradesh"
C0836,Jacob Hester,29,Female,"Namburu, Guntur, Andhra Pradesh"
C0837,Johnny Cruz,25,Female,"Kapilatheertham, Tirupati, Andhra Pradesh"
C0838,Mary Graham,47,Male,"Korukonda, Rajahmundry, Andhra Pradesh"
C0839,Justin Finley,62,Female,"Currency Nagar, Vijayawada, Andhra Pradesh"
C0840,Bradley Robinson,35,Other,"Kanuru, Vijayawada, Andhra Pradesh"
C0841,Jonathan Davis,61,Other,"Himayatnagar, Hyderabad, Telangana"
C0842,Amanda Jones,26,Male,"Sangadi Gunta, Guntur, Andhra Pradesh"
C0843,Aaron Graham,19,Male,"Malakpet, Hyderabad, Telangana"
C0844,Jon Trevino,52,Female,"Dilsukhnagar, Hyderabad, Telangana"
C0845,Brandon Graham,52,Other,"Mehdipatnam, Hyderabad, Telangana"
C0846,Jessica Perkins,65,Male,"Srinivasarao Thota, Guntur, Andhra Pradesh"
C0847,Kevin Morgan,68,Female,"Naidupeta Road, Tirupati, Andhra Pradesh"
C0848,John Simpson,63,Male,"Kesanakurru, Rajahmundry, Andhra Pradesh"
C0849,Linda Callahan,57,Male,"Eluru Road, Vijayawada, Andhra Pradesh"
C0850,Karina Schroeder,49,Male,"Brodipet, Guntur, Andhra Pradesh"
C0851,Matthew Sweeney,69,Male,"Gokavaram, Rajahmundry, Andhra Pradesh"
C0852,Joshua Taylor,53,Female,"Pushkar Ghat, Rajahmundry, Andhra Pradesh"
C0853,Pamela Green,63,Male,"Chuttugunta, Guntur, Andhra Pradesh"
C0854,Victoria Harris,41,Other,"Kesanakurru, Rajahmundry, Andhra Pradesh"
C0855,Tracy Herrera,33,Other,"Chuttugunta, Guntur, Andhra Pradesh"
C0856,Charles Henry,25,Other,"KPHB, Hyderabad, Telangana"
C0857,David Taylor,45,Female,"KPHB, Hyderabad, Telangana"
C0858,Michael Gamble,44,Male,"Krishna Lanka, Vijayawada, Andhra Pradesh"
C0859,Richard Jordan,45,Male,"Dilsukhnagar, Hyderabad, Telangana"
C0860,Stephanie Coleman,46,Male,"Darbhagudem, Rajahmundry, Andhra Pradesh"
C0861,Charles West,66,Other,"Morampudi, Rajahmundry, Andhra Pradesh"
C0862,Eric Reese,27,Female,"Alipiri, Tirupati, Andhra Pradesh"
C0863,Tara Johnson,23,Other,"Banjara Hills, Hyderabad, Telangana"
C0864,Denise Allen,54,Male,"Shyamala Nagar, Guntur, Andhra Pradesh"
C0865,David Scott,18,Male,"One Town, Vijayawada, Andhra Pradesh"
C0866,Alexander Newman,18,Male,"Kapilatheertham, Tirupati, Andhra Pradesh"
C0867,Robin Butler,21,Male,"Chinthalapalem, Rajahmundry, Andhra Pradesh"
C0868,William Adams,29,Female,"Chuttugunta, Guntur, Andhra Pradesh"
C0869,James Kramer,49,Female,"Nallapadu, Guntur, Andhra Pradesh"
C0870,Elizabeth Garcia,68,Other,"Jubilee Hills, Hyderabad, Telangana"
C0871,Vanessa Ramos,66,Other,"Thadithota, Rajahmundry, Andhra Pradesh"
C0872,Lauren Wong,18,Female,"Kesanakurru, Rajahmundry, Andhra Pradesh"
C0873,Timothy Gomez,40,Female,"Himayatnagar, Hyderabad, Telangana"
C0874,Jennifer Black,38,Female,"Karakambadi, Tirupati, Andhra Pradesh"
C0875,Monica Rivera,49,Male,"Malakpet, Hyderabad, Telangana"
C0876,Edward Garcia,67,Other,"Renigunta, Tirupati, Andhra Pradesh"
C0877,Gina Marks,53,Other,"Nidamanuru, Vijayawada, Andhra Pradesh"
C0878,Trevor Johnson,65,Other,"Dwarapudi, Rajahmundry, Andhra Pradesh"
C0879,Amanda Parker,59,Male,"MR Palli, Tirupati, Andhra Pradesh"
C0880,Judith Scott,38,Male,"Krishna Nagar, Vijayawada, Andhra Pradesh"
C0881,Tracy Carter,61,Male,"Korukonda, Rajahmundry, Andhra Pradesh"
C0882,Kara Rios,59,Female,"Malakpet, Hyderabad, Telangana"
C0883,Jennifer Patel,49,Male,"Ponnur Road, Guntur, Andhra Pradesh"
C0884,Christopher Mcguire,52,Other,"Karakambadi, Tirupati, Andhra Pradesh"
C0885,Amy May,40,Other,"Kapilatheertham, Tirupati, Andhra Pradesh"
C0886,James Obrien,69,Other,"Alipiri, Tirupati, Andhra Pradesh"
C0887,Alexander Greer,49,Female,"Rajamahendravaram, Rajahmundry, Andhra Pradesh"
C0888,William Peterson,63,Other,"Ameerpet, Hyderabad, Telangana"
C0889,Daniel Anderson,55,Male,"Kothapeta, Guntur, Andhra Pradesh"
C0890,Gary Robbins,29,Male,"Moosapet, Hyderabad, Telangana"
C0891,James Clayton,18,Other,"Moosapet, Hyderabad, Telangana"
C0892,Anthony Sanchez,63,Other,"Ramavarappadu, Vijayawada, Andhra Pradesh"
C0893,Robin Diaz,35,Male,"Tata Nagar, Tirupati, Andhra Pradesh"
C0894,Jacqueline Lane,69,Male,"Gunadala, Vijayawada, Andhra Pradesh"
C0895,Jeffery Moody,45,Female,"Sangadi Gunta, Guntur, Andhra Pradesh"
C0896,David Mejia,52,Female,"Nallacheruvu, Guntur, Andhra Pradesh"
C0897,Theresa Torres,39,Male,"Rajamahendravaram, Rajahmundry, Andhra Pradesh"
C0898,Emma Wall,34,Female,"Krishna Lanka, Vijayawada, Andhra Pradesh"
C0899,Ellen Townsend,63,Male,"Begumpet, Hyderabad, Telangana"
C0900,Megan Simpson,40,Female,"Dilsukhnagar, Hyderabad, Telangana"
C0901,Gary Smith,65,Other,"Gunadala, Vijayawada, Andhra Pradesh"
C0902,Paul Sullivan,27,Other,"Gunadala, Vijayawada, Andhra Pradesh"
C0903,Brenda Torres,44,Female,"Reddy Palem, Guntur, Andhra Pradesh"
C0904,Matthew Marquez,62,Female,"R.C. Road, Tirupati, Andhra Pradesh"
C0905,Jessica Chase,33,Female,"Bairagi Patteda, Tirupati, Andhra Pradesh"
C0906,Danielle Joseph,43,Female,"Arundelpet, Guntur, Andhra Pradesh"
C0907,Amanda Maldonado,69,Female,"Nidamanuru, Vijayawada, Andhra Pradesh"
C0908,Joseph Arias,42,Female,"Arundelpet, Guntur, Andhra Pradesh"
C0909,Mathew Knapp,25,Other,"Kothapeta, Guntur, Andhra Pradesh"
C0910,Heather Clark,54,Other,"Moosapet, Hyderabad, Telangana"
C0911,Anthony Reyes,32,Other,"Dowleswaram, Rajahmundry, Andhra Pradesh"
C0912,Patricia Small,42,Male,"Dowleswaram, Rajahmundry, Andhra Pradesh"
C0913,Joseph Cook,70,Other,"Nallacheruvu, Guntur, Andhra Pradesh"
C0914,Elizabeth Marshall,49,Male,"Rajamahendravaram, Rajahmundry, Andhra Pradesh"
C0915,Latoya Schneider,21,Male,"Lakshmipuram, Guntur, Andhra Pradesh"
C0916,Cheryl White,48,Other,"Ponnur Road, Guntur, Andhra Pradesh"
C0917,Mrs. Mary Gray,20,Male,"Kesanakurru, Rajahmundry, Andhra Pradesh"
C0918,Caitlin Anderson,32,Other,"Thadithota, Rajahmundry, Andhra Pradesh"
C0919,Jacqueline Murray,47,Male,"One Town, Vijayawada, Andhra Pradesh"
C0920,Michael Walter,35,Female,"Chandramouli Nagar, Guntur, Andhra Pradesh"
C0921,Lisa Campbell,69,Female,"Kondapur, Hyderabad, Telangana"
C0922,Don Frazier,62,Male,"Reddy Palem, Guntur, Andhra Pradesh"
C0923,Sarah Oneal,42,Male,"Srinivasarao Thota, Guntur, Andhra Pradesh"
C0924,Steven Pruitt,63,Female,"Srinivasa Nagar, Tirupati, Andhra Pradesh"
C0925,Sharon Ball,43,Female,"Eluru Road, Vijayawada, Andhra Pradesh"
C0926,James Hill,34,Other,"Srinivasarao Thota, Guntur, Andhra Pradesh"
C0927,Robert Gonzales,31,Female,"Moosapet, Hyderabad, Telangana"
C0928,Joseph Wheeler,23,Female,"Srinivasa Nagar, Tirupati, Andhra Pradesh"
C0929,Jimmy Owens,38,Male,"Arundelpet, Guntur, Andhra Pradesh"
C0930,Shirley Gross,24,Other,"Ameerpet, Hyderabad, Telangana"
C0931,Tiffany Hammond,24,Female,"Lakshmipuram, Guntur, Andhra Pradesh"
C0932,Kristen Olson,30,Male,"Benz Circle, Vijayawada, Andhra Pradesh"
C0933,Lisa Shah,19,Female,"Currency Nagar, Vijayawada, Andhra Pradesh"
C0934,Cheryl Hanna,69,Male,"Gokavaram, Rajahmundry, Andhra Pradesh"
C0935,James Williams,28,Other,"Gollapudi, Vijayawada, Andhra Pradesh"
C0936,Patrick Bennett,35,Other,"Bhavanipuram, Vijayawada, Andhra Pradesh"
C0937,Mrs. Gabriella Nunez,54,Female,"Namburu, Guntur, Andhra Pradesh"
C0938,Gene Jackson,36,Other,"Balaji Nagar, Tirupati, Andhra Pradesh"
C0939,Vanessa Willis,61,Female,"Naidupeta Road, Tirupati, Andhra Pradesh"
C0940,Barbara Stuart,47,Other,"Diwancheruvu, Rajahmundry, Andhra Pradesh"
C0941,David King,61,Male,"Srinivasarao Thota, Guntur, Andhra Pradesh"
C0942,Timothy Frost,19,Other,"Abids, Hyderabad, Telangana"
C0943,Alejandra Dixon,63,Other,"Gannavaram, Vijayawada, Andhra Pradesh"
C0944,Terri Williams,46,Other,"Namburu, Guntur, Andhra Pradesh"
C0945,Abigail Lee,36,Other,"Kothapeta, Guntur, Andhra Pradesh"
C0946,Geoffrey Norman,51,Other,"Ramavarappadu, Vijayawada, Andhra Pradesh"
C0947,Kendra Green,43,Other,"Mehdipatnam, Hyderabad, Telangana"
C0948,Mitchell Caldwell,51,Male,"Pushkar Ghat, Rajahmundry, Andhra Pradesh"
C0949,Christopher Lee,63,Other,"Kotagummam, Rajahmundry, Andhra Pradesh"
C0950,Larry Simpson,42,Other,"Nagole, Hyderabad, Telangana"
C0951,Dale Booth,66,Female,"Srinivasarao Thota, Guntur, Andhra Pradesh"
C0952,Bobby Calderon,22,Female,"Currency Nagar, Vijayawada, Andhra Pradesh"
C0953,Christine Johnson,32,Male,"Sitaramapuram, Guntur, Andhra Pradesh"
C0954,Mike Davenport,50,Female,"Ramavarappadu, Vijayawada, Andhra Pradesh"
C0955,Sara Ramos,55,Other,"Gollapudi, Vijayawada, Andhra Pradesh"
C0956,William Anderson,39,Male,"Korukonda, Rajahmundry, Andhra Pradesh"
C0957,Jose Thompson,20,Female,"Kesanakurru, Rajahmundry, Andhra Pradesh"
C0958,Mary Garcia,50,Other,"Gorantla, Guntur, Andhra Pradesh"
C0959,Tina Mcdaniel,62,Other,"Chikkadpally, Hyderabad, Telangana"
C0960,Rachel Martinez,47,Female,"Railway Colony, Tirupati, Andhra Pradesh"
C0961,Troy Torres,36,Female,"Nallacheruvu, Guntur, Andhra Pradesh"
C0962,Meghan Miller,69,Female,"Bhavanipuram, Vijayawada, Andhra Pradesh"
C0963,Jimmy Brown,49,Male,"Renigunta, Tirupati, Andhra Pradesh"
C0964,Michelle Lutz,46,Male,"Uppal, Hyderabad, Telangana"
C0965,Caitlin Hall,66,Male,"Madhuranagar, Vijayawada, Andhra Pradesh"
C0966,Brianna Mckay,26,Male,"Dwarapudi, Rajahmundry, Andhra Pradesh"
C0967,Lisa Baker,30,Male,"Sangadi Gunta, Guntur, Andhra Pradesh"
C0968,Kaylee Johnson,49,Other,"MR Palli, Tirupati, Andhra Pradesh"
C0969,Julie Jordan,52,Male,"Kotagummam, Rajahmundry, Andhra Pradesh"
C0970,Kara Flowers,62,Male,"Currency Nagar, Vijayawada, Andhra Pradesh"
C0971,Douglas Pollard,28,Male,"Kondapur, Hyderabad, Telangana"
C0972,Robert Jones,69,Female,"Namburu, Guntur, Andhra Pradesh"
C0973,Adam Gaines,36,Male,"Pushkar Ghat, Rajahmundry, Andhra Pradesh"
C0974,Donald Murray,50,Female,"Rajahmundry Center, Rajahmundry, Andhra Pradesh"
C0975,Eileen Hall,54,Other,"Chandragiri, Tirupati, Andhra Pradesh"
C0976,Paul Stephenson,58,Male,"Vidhyadharapuram, Vijayawada, Andhra Pradesh"
C0977,Pam Sawyer,57,Other,"Begumpet, Hyderabad, Telangana"
C0978,Angela Barnes,64,Female,"Pushkar Ghat, Rajahmundry, Andhra Pradesh"
C0979,Christina Johnson,58,Female,"Etukuru Road, Guntur, Andhra Pradesh"
C0980,Alejandro Adams,23,Female,"Tirupati West, Tirupati, Andhra Pradesh"
C0981,Judy Carr,24,Female,"Krishna Lanka, Vijayawada, Andhra Pradesh"
C0982,Jessica Lewis,31,Male,"Pushkar Ghat, Rajahmundry, Andhra Pradesh"
C0983,Sierra Gregory,49,Male,"Miyapur, Hyderabad, Telangana"
C0984,Tara Vasquez,56,Other,"Naidupeta Road, Tirupati, Andhra Pradesh"
C0985,Daniel Martin,44,Male,"Nallacheruvu, Guntur, Andhra Pradesh"
C0986,Cynthia Lucas,19,Other,"Vidhyadharapuram, Vijayawada, Andhra Pradesh"
C0987,Jason Johnson,61,Male,"Bhavanipuram, Vijayawada, Andhra Pradesh"
C0988,Michael Johnson,64,Other,"Railway Colony, Tirupati, Andhra Pradesh"
C0989,Adam Nielsen,50,Male,"Nagole, Hyderabad, Telangana"
C0990,Cindy Adkins,69,Male,"One Town, Vijayawada, Andhra Pradesh"
C0991,Rachel Powell,48,Male,"Etukuru Road, Guntur, Andhra Pradesh"
C0992,Kyle Hughes,35,Male,"Srinivasarao Colony, Guntur, Andhra Pradesh"
C0993,Miguel Young,36,Male,"Chandragiri, Tirupati, Andhra Pradesh"
C0994,Matthew Walton,70,Other,"Venkatadri Colony, Tirupati, Andhra Pradesh"
C0995,Elizabeth Short,63,Other,"Tirupati West, Tirupati, Andhra Pradesh"
C0996,Samuel Floyd,56,Other,"Ajit Singh Nagar, Vijayawada, Andhra Pradesh"
C0997,Mr. John Pierce,33,Other,"Mangalam, Tirupati, Andhra Pradesh"
C0998,Blake Chung,20,Other,"Railpet, Guntur, Andhra Pradesh"
C0999,Daniel Huff,55,Female,"Banjara Hills, Hyderabad, Telangana"
C1000,Stanley Bartlett,36,Male,"Gachibowli, Hyderabad, Telangana"
C1001,        Lisa Frank,28,Female,"Ajit Singh Nagar, Vijayawada, Andhra Pradesh"
C1002,        ---,101,Male,Missing Address
C1003,        Tommy Oliver,        abc,Male,"Pushkar Ghat, Rajahmundry, Andhra Pradesh"
C1004,        Karen Bates,32,Alien,"Chandragiri, Tirupati, Andhra Pradesh"
C1005,        C1005,29,Female,
INVALID_ID,    Emily Watson,45,Other,"Rajahmundry Center, Rajahmundry, Andhra Pradesh"
C1006,        David Davidson,22,Female,"    #@!, Vijayawada, Andhra Pradesh"
C1007,123456,                NaN,Male,"    One Town, Vijayawada, Andhra Pradesh"
C1008,        Oliver Queen,33,Male,"    Tirupati West, Tirupati, Andhra Pradesh"
null,        null,                null,null,    null
C1009,        Emma Thompson,30,Female,"    Begumpet, Hyderabad, Telangana"
C1010,        John,-5,Male,"    Nallacheruvu, Guntur, Andhra Pradesh"
C1011,        NaN,40,Other,"    Naidupeta Road, Tirupati, Andhra Pradesh"
C1012,        William Evans,200,Female,"    Miyapur, Hyderabad, Telangana"
C1013,        Sophia Rodriguez,    abc,Unknown,"    Srinivasarao Colony, Guntur, Andhra Pradesh"
C1014,"        ,",45,Male,"    Vidhyadharapuram, Vijayawada, Andhra Pradesh"
C1015,        Michael@Brown,38,Male,    @123 Null Area
NULL,        NULL,                NULL,NULL,    NULL
C1016,        Anna White,27,Female,"    Tirupati West, Tirupati, Andhra Pradesh"
C1017,        Eric Johnson,35,Male,"    Krishna Lanka, Vijayawada, Andhra Pradesh"
C1018,        R@chel Adams,,other," Etukuru Road, Guntur, Andhra Pradesh"
C1019,        Brian Lee,29,Alien,"    Chandragiri, Tirupati, Andhra Pradesh"
C1020,        Sarah Singh,            NaN,Female,    123MainStreet
INVALID,        Carlos Martin,31,Male,"    Banjara Hills, Hyderabad, Telangana"
C1021,        Nina Patel,            Twenty Five,Female,"Pushkar Ghat, Rajahmundry, Andhra Pradesh"
C1022,        Lucas King,33,Male,"    Begumpet, Hyderabad, Telangana"
C1023,        --,                    --,--,        --
C1024,        Ava Mitchell,27,Female,
C1025,9876Eve Adams,        NaN,Female,"    Chandragiri, Tirupati, Andhra Pradesh"
C1026,        Eli Smith,45,Male,"    Miyapur, Hyderabad"
C1027,        Grace##Davis,        abc,Female,"    Venkatadri Colony, Tirupati"
C1028,        NoName,30,NotSpecified,"Rajahmundry Center, Rajahmundry"
C1029,        Oliver King,0,Male,"    Krishna Lanka, Vijayawada, Andhra Pradesh"
C1030,        James Bond,1000,Male,"    Hitech City, Hyderabad, Telangana"
null,        null,                null,null,    null
C1031,        Zara Khan,26,Female,"    Ajit Singh Nagar, Vijayawada, Andhra Pradesh"
C1032,        Emily Carter,,        Other,"    Pushkar Ghat, Rajahmundry"
C1033,        ###,                    ###,###,        ###
C1034,        Naomi Morgan,58,Fem@le,"    Srinivasarao Colony, Guntur, Andhra Pradesh"
C1035,        Lily Allen,            twenty,Male,"    Etukuru Road, Guntur"
C1036,Liam Turner,41,Male,"Pushkar Ghat, Rajahmundry, Andhra Pradesh"
C1037,NULL,NULL,NULL,NULL
C1038,Olivia Brooks,abc,Fem,"Pushkar Ghat, Rajahmundry, Andhra Pradesh"
C1039,Robert,105,Other,"Begumpet, Hyderabad, Telangana"
C1040,&&InvalidName!!,27,Male,"Unknown, XX"
C1041,Anita Kapoor,31,Female,
C1042,Thomas Edison,NaN,Alien,"Tirupati, Andhra Pradesh"
C1043,Naomi 234,45,Other,"Naidupeta Road, Tirupati, Andhra Pradesh"
C1044,Jacob Martin,-1,Male,"Vijayawada Center, Vijayawada, Andhra Pradesh"
C1045,1234567890,50,Female,"Etukuru Road, Guntur, Andhra Pradesh"
C1046,!@#$$%%^^,NaN,Female,Unknown Address
C1047,Emma Watson,34,Females,"Tirupati West, Tirupati, Andhra Pradesh"
C1048,Chris,38,Male,N/A
C1049,Michael@Johnson,29,Other,"Railway Colony, Tirupati, Andhra Pradesh"
C1050,,,,
C1051,Ava Wright,30,Female,"Chandragiri, Tirupati, Andhra Pradesh"
C1052,NaN,NaN,NaN,NaN
C1053,Zack Smith,abc123,Male,"One Town, Vijayawada, Andhra Pradesh"
C1054,Daniel,75,Male,
C1055,InvalidName@@@,22,Female,@@@
C1056,Sophia Davis,29,Robot,"Krishna Lanka, Vijayawada, Andhra Pradesh"
C1057,#Error!,42,Female,"Guntur, Andhra Pradesh"
C1058,Emma 123,Thirty,Female,"Rajahmundry, Andhra Pradesh"
C1059,No Name,999,Other,"Unknown, Unknown"
C1060,Catherine Blake,61,Male,"Tirupati Center, Tirupati, Andhra Pradesh"
C1061,Tom Hanks,NULL,NULL,NULL
C1062,123456789,45,Female,"Naidupeta Road, Tirupati, Andhra Pradesh"
C1063,NULL,NULL,NULL,"Etukuru Road, Guntur, Andhra Pradesh"
C1064,Julia Brown,38,Unknown,"Srinivasarao Colony, Guntur, Andhra Pradesh"
C1065,Jack,-55,Male,"Pushkar Ghat, Rajahmundry, Andhra Pradesh"
C1066,Olivia Green,27,Female,"Banjara Hills, Hyderabad, Telangana"
C1067,123abc!@#,30,Alien,"Tirupati West, Tirupati, Andhra Pradesh"
C1068,Chris Evans,NaN,Male,"Gachibowli, Hyderabad, Telangana"
C1069,Laura White,58,Female,
C1070,N/A,35,Other,"Etukuru Road, Guntur, Andhra Pradesh"
C1071,Emily Harris,29,Female,Unknown
C1072,NaN,NaN,NaN,NaN
C1073,Jimmy-007,?,Male,"One Town, Vijayawada, Andhra Pradesh"
C1074,Aaron Black,45,Trans,"Pushkar Ghat, Rajahmundry, Andhra Pradesh"
C1075,Sarah Connor,0,Female,"Begumpet, Hyderabad, Telangana"
C1076,NULL,NULL,NULL,NULL
C1077,Ray Cooper,150,Male,"Srinivasarao Colony, Guntur, Andhra Pradesh"
C1078,Lily Adams,33,-,"Vidhyadharapuram, Vijayawada, Andhra Pradesh"
C1079,Peter Parker,xyz,Female,"Miyapur, Hyderabad, Telangana"
C1080,Invalid_User,9999,Other,"Chandragiri, Tirupati, Andhra Pradesh"
C1081,Tina Hill,42,Female,"Krishna Lanka, Vijayawada, Andhra Pradesh"
C1082,Robert@Smith,NaN,Male,"Etukuru Road, Guntur, Andhra Pradesh"
C1083,UNKNOWN,35,Female,"Mangalam, Tirupati, Andhra Pradesh"
C1084,David3 Lee,28,Other,"One Town, Vijayawada, Andhra Pradesh"
C1085,Charlie,-5,Male,"Railpet, Guntur, Andhra Pradesh"
C1086,Anna Miles,23,Femle,"Banjara Hills, Hyderabad, Telangana"
C1087,###ERROR###,??,Unknown,"Venkatadri Colony, Tirupati, Andhra Pradesh"
C1088,Rose Clark,44,Female,"Ajit Singh Nagar, Vijayawada, Andhra Pradesh"
C1089,NULL,NULL,NULL,NULL
C1090,Evan Wright,abc,Male,"Mangalam, Tirupati, Andhra Pradesh"
C1091,Naomi Davis,27,Female,"Naidupeta Road, Tirupati, Andhra Pradesh"
C1092,Nikhil Rao,9999,Other,"Rajahmundry Center, Rajahmundry, Andhra Pradesh"
C1093,Molly_M,21,Fem@le,"Pushkar Ghat, Rajahmundry, Andhra Pradesh"
C1094,Albert Lopez,37,Other,"Tirupati West, Tirupati, Andhra Pradesh"
C1095,123456,0,NaN,"Gachibowli, Hyderabad, Telangana"
C1096,Priyanka Sharma,29,Female,"Railway Colony, Tirupati, Andhra Pradesh  "
C1097,Mike*Jordan,NaN,M@le,"Etukuru Road, Guntur, Andhra Pradesh  "
C1098,NaNaNa,-20,Unknown,Unknown Address  
C1099,Laura Kinney,26,Female,"Naidupeta Road, Tirupati, Andhra Pradesh  "
C1100,Olivia Adams,35,Female,"Pushkar Ghat, Rajahmundry, Andhra Pradesh  "
C1101,12345,22,Fem@le,"Gachibowli, Hyderabad, Telangana  "
C1102,Samuel Green,NaN,Male,"Begumpet, Hyderabad, Telangana  "
C1103,##NULL##,NULL,NULL,NULL  
C1104,Aarav Mehta,30,Male,"One Town, Vijayawada, Andhra Pradesh  "
C1105,Diana Prince,35,Female,"Rajahmundry Center, Rajahmundry, Andhra Pradesh  "
C1106,Michael$Smith,abc,Male,"Etukuru Road, Guntur, Andhra Pradesh  "
C1107,NULL,NULL,NULL,NULL  
C1108,Leela Patel,-1,Female,"Chandragiri, Tirupati, Andhra Pradesh  "
C1109,X  A-12,3,Other,"Vidhyadharapuram, Vijayawada, Andhra Pradesh  "
C1110,Fake Name,??,Alien,Planet Earth
